organism_id,feature_id,source_id,fetched_object
562,protocols_io,protocols_io,"{""current_page"": 1, ""protocols"": [{""title"": ""2026 GenomeTrakr Proficiency Testing exercise (PulseNet Harmonized)"", ""url"": ""https://www.protocols.io/view/2026-genometrakr-proficiency-testing-exercise-puls-jxe5cpjg7""}, {""title"": ""Propagation and Stock Preparation of Temperate Bacteriophage ΦV10::NanoLuc in Escherichia coli O157:H7 C7927"", ""url"": ""https://www.protocols.io/view/propagation-and-stock-preparation-of-temperate-bac-hf2jb3qcp""}, {""title"": ""Determination of LD50 and LD90 for Bacterial Pathogens in Galleria mellonella"", ""url"": ""https://www.protocols.io/view/determination-of-ld50-and-ld90-for-bacterial-patho-hmb8b42rx""}, {""title"": ""Step 1: Preparing S12 cell extracts using bead-beater"", ""url"": ""https://www.protocols.io/view/step-1-preparing-s12-cell-extracts-using-bead-beat-ieacbae""}, {""title"": ""Preparation of cell-free RNAPT7 reactions"", ""url"": ""https://www.protocols.io/view/preparation-of-cell-free-rnapt7-reactions-kz2cx8e""}, {""title"": ""Escherichia Coli Transformation Experiment Guide"", ""url"": ""https://www.protocols.io/view/escherichia-coli-transformation-experiment-guide-i4tcgwn""}, {""title"": ""RNA extraction from Escherichia coli"", ""url"": ""https://www.protocols.io/view/rna-extraction-from-escherichia-coli-kzycx7w""}, {""title"": ""Preparing E. coli cryo cultures"", ""url"": ""https://www.protocols.io/view/preparing-e-coli-cryo-cultures-pa9dih6""}, {""title"": ""Chemically competent E. coli cells"", ""url"": ""https://www.protocols.io/view/chemically-competent-e-coli-cells-psydnfw""}, {""title"": ""Preparation of a cell-free expression system from Escherichia coli"", ""url"": ""https://www.protocols.io/view/preparation-of-a-cell-free-expression-system-from-2xkgfkw""}], ""status_code"": 200, ""total_pages"": 11, ""total_results"": 102, ""web_search_url"": ""https://www.protocols.io/search?q=Escherichia%20coli""}"
562,pubmed,ncbi,"{""count"": 462644, ""search_url"": ""https://pubmed.ncbi.nlm.nih.gov/?term=%22Escherichia%22%20AND%20%22coli%22&sort=date&ac=yes""}"
562,pmc,ncbi,"{""count"": 791080, ""search_url"": ""https://www.ncbi.nlm.nih.gov/pmc/?term=%22Escherichia%22%20AND%20%22coli%22""}"
562,books,ncbi,"{""count"": 4948, ""search_url"": ""https://www.ncbi.nlm.nih.gov/books/?term=%22Escherichia%22%20AND%20%22coli%22""}"
562,mesh,ncbi,"{""count"": 324, ""search_url"": ""https://www.ncbi.nlm.nih.gov/mesh/?term=%22Escherichia%22%20AND%20%22coli%22""}"
562,nlmcatalog,ncbi,"{""count"": 713, ""search_url"": ""https://www.ncbi.nlm.nih.gov/nlmcatalog/?term=%22Escherichia%22%20AND%20%22coli%22""}"
562,gene,ncbi,"{""count"": 383522, ""search_url"": ""https://www.ncbi.nlm.nih.gov/gene/?term=txid562%5BOrganism%5D""}"
562,gds,ncbi,"{""count"": 30356, ""search_url"": ""https://www.ncbi.nlm.nih.gov/gds/?term=txid562%5BOrganism%5D""}"
562,geoprofiles,ncbi,"{""count"": 313301, ""search_url"": ""https://www.ncbi.nlm.nih.gov/geoprofiles/?term=txid562%5BOrganism%5D""}"
562,protein,ncbi,"{""count"": 89770714, ""search_url"": ""https://www.ncbi.nlm.nih.gov/protein/?term=txid562%5BOrganism%5D""}"
562,ipg,ncbi,"{""count"": 24676129, ""search_url"": ""https://www.ncbi.nlm.nih.gov/ipg/?term=txid562%5BOrganism%5D""}"
562,cdd,ncbi,"{""count"": 50, ""search_url"": ""https://www.ncbi.nlm.nih.gov/cdd/?term=txid562%5BOrganism%5D""}"
562,protfam,ncbi,"{""count"": 0, ""search_url"": ""https://www.ncbi.nlm.nih.gov/protfam/?term=txid562%5BOrganism%5D""}"
562,structure,ncbi,"{""count"": 13954, ""search_url"": ""https://www.ncbi.nlm.nih.gov/structure/?term=txid562%5BOrganism%5D""}"
562,nuccore,ncbi,"{""count"": 15950283, ""search_url"": ""https://www.ncbi.nlm.nih.gov/nuccore/?term=txid562%5BOrganism%5D""}"
562,sra,ncbi,"{""count"": 598344, ""search_url"": ""https://www.ncbi.nlm.nih.gov/sra/?term=txid562%5BOrganism%5D""}"
562,bioproject,ncbi,"{""count"": 16320, ""search_url"": ""https://www.ncbi.nlm.nih.gov/bioproject/?term=txid562%5BOrganism%5D""}"
562,biosample,ncbi,"{""count"": 702422, ""search_url"": ""https://www.ncbi.nlm.nih.gov/biosample/?term=txid562%5BOrganism%5D""}"
562,biocollections,ncbi,"{""count"": 0, ""search_url"": ""https://www.ncbi.nlm.nih.gov/biocollections/?term=txid562%5BOrganism%5D""}"
562,nih_reporter,nih_reporter,"{""meta"": {""properties"": {""URL"": ""https:/reporter.nih.gov/search/LDg2Cq-MYE69aG9oxPrTTA/projects""}, ""total"": 41280}, ""results"": [{""award_amount"": 242250.0, ""fiscal_year"": 2026, ""is_active"": true, ""organization"": {""org_country"": ""UNITED STATES"", ""org_name"": ""UNIVERSITY OF VIRGINIA""}, ""phr_text"": ""PROJECT NARRATIVE\nIntestinal pathogens perpetuate early life undernutrition and cause significant mortality in children under the\nage of five, and Oral Rotavirus Vaccination (ORV) is paradoxically less effective in undernourished children\nwith the greatest need for protection. Gut microbial communities have been shown to influence outcomes of\noral vaccination, but a causal role for the microbiota in ORV responses has not been demonstrated. We\npropose to use a novel murine model of undernutrition featuring human microbial communities to investigate\nwhether and how microbiota-driven immune dysregulation influences the ability of ORV to protect against viral\nchallenge."", ""principal_investigators"": [{""full_name"": ""Carrie Adeline Cowardin"", ""profile_id"": 11485633, ""title"": ""ASSISTANT PROFESSOR""}], ""project_detail_url"": ""https://reporter.nih.gov/project-details/11284579"", ""project_end_date"": ""2028-03-31T00:00:00"", ""project_start_date"": ""2026-04-10T00:00:00"", ""project_title"": ""Microbial drivers of oral vaccine failure""}, {""award_amount"": 183439.0, ""fiscal_year"": 2026, ""is_active"": true, ""organization"": {""org_country"": ""UNITED STATES"", ""org_name"": ""UNIVERSITY OF WASHINGTON""}, ""phr_text"": ""PROJECT NARRATIVE\nThe proposed research is relevant to public health because it focuses on increasing our understanding of how\nhuman gut microbes modify enteric pathogen virulence, which is relevant to how the gut microbiota impacts\nhuman health. The proposed work is relevant to the NIH’s mission that pertains to preventing and treating\ninfectious diseases."", ""principal_investigators"": [{""full_name"": ""Ana A Weil"", ""profile_id"": 12281434, ""title"": ""ASSISTANT PROFESSOR""}], ""project_detail_url"": ""https://reporter.nih.gov/project-details/11473953"", ""project_end_date"": ""2031-03-31T00:00:00"", ""project_start_date"": ""2026-04-09T00:00:00"", ""project_title"": ""The upper intestinal environment and mediators of human cholera severity""}, {""award_amount"": 1219508.0, ""fiscal_year"": 2026, ""is_active"": true, ""organization"": {""org_country"": ""UNITED STATES"", ""org_name"": ""SRI INTERNATIONAL""}, ""phr_text"": ""Project Narrative\nThe proposed project will generate software tools that increase the ability of scientists to leverage genome se-\nquence data to advance human health. This software supports the creation of central database repositories and\nwebsites containing genome data and data on cellular networks for disease-causing bacteria such as Mycobac-\nterium tuberculosis. This project enables the development of more accurate predictions of the metabolic pathways\nof disease-causing bacteria, and yields more accurate identification of anti-microbial drug targets."", ""principal_investigators"": [{""full_name"": ""PETER D KARP"", ""profile_id"": 1882436, ""title"": ""SENIOR COMPUTER SCIENTIST""}], ""project_detail_url"": ""https://reporter.nih.gov/project-details/11296162"", ""project_end_date"": ""2030-03-31T00:00:00"", ""project_start_date"": ""2026-04-08T00:00:00"", ""project_title"": ""Development and Support of the Pathway Tools Software""}, {""award_amount"": 418822.0, ""fiscal_year"": 2026, ""is_active"": true, ""organization"": {""org_country"": ""UNITED STATES"", ""org_name"": ""UNIVERSITY OF MISSOURI-COLUMBIA""}, ""phr_text"": ""PROJECT NARRATIVE\nAn increasingly severe threat, fungal infections affect approximately 25% of the world’s population and kill over 1\nmillion people each year. Disruption to the machinery that directs proteins to membranes is also a major health\nconcern as it leads to neurodegenerative diseases and cancer. The acquisition of fundamental scientific\nknowledge is required to improve molecular level understanding of these ailments and to rationally design\ntherapeutics to prevent and remedy them."", ""principal_investigators"": [{""full_name"": ""Gavin McLean King"", ""profile_id"": 10531877, ""title"": ""PROFESSOR""}], ""project_detail_url"": ""https://reporter.nih.gov/project-details/11259711"", ""project_end_date"": ""2031-02-28T00:00:00"", ""project_start_date"": ""2026-04-05T00:00:00"", ""project_title"": ""Advancing mechanistic understanding at membrane interfaces""}, {""award_amount"": 430375.0, ""fiscal_year"": 2026, ""is_active"": true, ""organization"": {""org_country"": ""UNITED STATES"", ""org_name"": ""UNIVERSITY OF CALIFORNIA SANTA CRUZ""}, ""phr_text"": ""Extrachromosomal elements called plasmids play a pivotal role in the evolu5on of bacterial pathogens and the spread of\nan5bio5c resistance. An5bio5c resistance in bacterial pathogens is a serious global public health threat, contribu5ng to\nmillions of worldwide deaths annually. This project inves5gates the role of an understudied bacterial enzyme in\npromo5ng plasmid-encoded traits in pathogenic bacteria."", ""principal_investigators"": [{""full_name"": ""Victoria Auerbuch Stone"", ""profile_id"": 10396862, ""title"": ""PROFESSOR""}], ""project_detail_url"": ""https://reporter.nih.gov/project-details/11289136"", ""project_end_date"": ""2028-03-31T00:00:00"", ""project_start_date"": ""2026-04-02T00:00:00"", ""project_title"": ""Exploration of the bacterial polyadenylase PAP I as an antimicrobial drug target""}, {""award_amount"": 158800.0, ""fiscal_year"": 2026, ""is_active"": true, ""organization"": {""org_country"": ""UNITED STATES"", ""org_name"": ""LOYOLA UNIVERSITY CHICAGO""}, ""phr_text"": ""PROJECT NARRATIVE\nExcessive inflammatory responses during infections can lead to deleterious consequences for the host. In this\nproposal, we will explore how endogenous retroelements amplify innate immunity and how reverse\ntranscriptase inhibitors diminish inflammatory responses during bacterial infections. Successful completion of\nthis project will help uncover a novel innate immune pathway that amplifies inflammation and may lead to the\nuse of reverse transcriptase inhibitors for the treatment of inflammatory infectious diseases, such as sepsis."", ""principal_investigators"": [{""full_name"": ""Karthik  Hullahalli"", ""profile_id"": 16035553, ""title"": """"}], ""project_detail_url"": ""https://reporter.nih.gov/project-details/11213089"", ""project_end_date"": ""2028-03-31T00:00:00"", ""project_start_date"": ""2026-04-02T00:00:00"", ""project_title"": ""Anti-inflammatory effects of reverse transcriptase inhibitors during bacterial infection""}, {""award_amount"": 703748.0, ""fiscal_year"": 2026, ""is_active"": true, ""organization"": {""org_country"": ""UNITED STATES"", ""org_name"": ""BOSTON UNIVERSITY MEDICAL CAMPUS""}, ""phr_text"": ""Project Narrative\nLong-chain polyphosphates are bacterial metabolites implicated in host immune evasion. We\nhypothesize that bacterial polyphosphates elicit cell-type specific changes in the gut mucosa\ncontributing to the pathobiology of inflammatory bowel disease (IBD). The proposed studies aim\nto define the mechanisms that drive polyphosphate-dependent dysfunction in gut immune cells\nand elucidate how these changes exacerbate inflammation and IBD severity."", ""principal_investigators"": [{""full_name"": ""Markus  Bosmann"", ""profile_id"": 14849063, ""title"": """"}], ""project_detail_url"": ""https://reporter.nih.gov/project-details/11290048"", ""project_end_date"": ""2030-02-28T00:00:00"", ""project_start_date"": ""2026-04-01T00:00:00"", ""project_title"": ""Deciphering the Role of Bacterial Polyphosphates in Intestinal Immune Networks""}, {""award_amount"": 2641186.0, ""fiscal_year"": 2026, ""is_active"": true, ""organization"": {""org_country"": ""UNITED STATES"", ""org_name"": ""UNIVERSITY OF MASSACHUSETTS AMHERST""}, ""phr_text"": ""Project Narrative:\nMultidrug-resistant (MDR) microbes are responsible for debilitating and life-threatening wound infections.\nWe will use an integrated synthetic, computational and machine learning strategy to develop new polymers to fight\nwound infections caused by MDR microbes."", ""principal_investigators"": [{""full_name"": ""Robin  Patel"", ""profile_id"": 2106150, ""title"": """"}, {""full_name"": ""VINCENT M. ROTELLO"", ""profile_id"": 1964486, ""title"": ""PROFESSOR""}], ""project_detail_url"": ""https://reporter.nih.gov/project-details/11294882"", ""project_end_date"": ""2030-03-31T00:00:00"", ""project_start_date"": ""2026-04-01T00:00:00"", ""project_title"": ""Antimicrobial Polymers for Treatment of Multidrug-Resistant Wound Biofilm Infections""}, {""award_amount"": 165240.0, ""fiscal_year"": 2026, ""is_active"": true, ""organization"": {""org_country"": ""UNITED STATES"", ""org_name"": ""CASE WESTERN RESERVE UNIVERSITY""}, ""phr_text"": ""Project Narrative:\nThis K08 career development award proposal describes the training and skills that the PI,\nDr. Devashis Mukherjee, will acquire over the next 5 years to become an independent\nphysician-scientist with expertise in the investigation of mechanisms by which preterm birth\ndisrupts the developmental trajectory of innate immune system and its response to sepsis. This\nproposal will explore how the loss of KLF2 from neonatal neutrophils leads to increased NLRP3\ninflammasome signaling and delayed clearance of aged, pro-inflammatory neutrophils from the\ncirculation. Collectively, the proposed experiments will provide key insights for a current gap in\nknowledge that will contribute to our mechanistic understanding of the dysregulated innate\nimmune system contributing to the high mortality in preterm neonatal sepsis and help in Dr.\nMukherjee’s successful transition to an independent investigator."", ""principal_investigators"": [{""full_name"": ""Devashis  Mukherjee"", ""profile_id"": 78426919, ""title"": ""ASSISTANT PROFESSOR""}], ""project_detail_url"": ""https://reporter.nih.gov/project-details/11301953"", ""project_end_date"": ""2031-03-31T00:00:00"", ""project_start_date"": ""2026-04-01T00:00:00"", ""project_title"": ""Role of myeloid KLF2 in the neonatal innate immune response""}, {""award_amount"": 525789.0, ""fiscal_year"": 2026, ""is_active"": true, ""organization"": {""org_country"": ""UNITED STATES"", ""org_name"": ""OHIO STATE UNIVERSITY""}, ""phr_text"": ""Project Narrative:\nMany new methods used to control populations of Aedes aegypti mosquitoes involve methods\nrelated to sterile insect technique (SIT), in which sterile males are reared in laboratories and\nreleased to mate with and sterilize wild females. Here, we propose to comprehensively investigate\nwhether manipulation of the microbiota during rearing can impact traits in adult male Ae. aegypti\nmosquitoes that are relevant for their success in SIT. This work will be the most comprehensive\nstudy to date into how the microbiota impacts male mosquito fitness traits and has high potential\nto produce information that could be used to improve male mass rearing for SIT."", ""principal_investigators"": [{""full_name"": ""Sarah M Short"", ""profile_id"": 11759909, ""title"": ""ASSISTANT PROFESSOR""}], ""project_detail_url"": ""https://reporter.nih.gov/project-details/11296317"", ""project_end_date"": ""2031-03-31T00:00:00"", ""project_start_date"": ""2026-04-01T00:00:00"", ""project_title"": ""Identification of bacterial isolates and communities that influence male life history traits and mating success among genetically diverse Ae. aegypti mosquitoes""}]}"
562,atcc,atcc,"{""product_details"": [], ""search_results"": {""products"": [{""url"": ""https://www.atcc.org/products/11775""}, {""url"": ""https://www.atcc.org/products/crm-8739""}, {""url"": ""https://www.atcc.org/products/8739-hq-pack""}, {""url"": ""https://www.atcc.org/products/baa-3233""}, {""url"": ""https://www.atcc.org/products/11775-mini-pack""}, {""url"": ""https://www.atcc.org/products/11303-b1""}, {""url"": ""https://www.atcc.org/products/8739-lq-pack""}, {""url"": ""https://www.atcc.org/products/crm-11229""}, {""url"": ""https://www.atcc.org/products/23724-b2""}, {""url"": ""https://www.atcc.org/products/25922""}, {""url"": ""https://www.atcc.org/products/11229-hq-pack""}, {""url"": ""https://www.atcc.org/products/11229-lq-pack""}], ""total_results"": 4313, ""url"": ""https://www.atcc.org/search#q=Escherichia%20coli&sort=relevancy&numberOfResults=12&f:Contenttype=%5BProducts%5D""}}"
562,requires_host,exa_answer,"{""answer"": {""answer"": ""no"", ""confidence"": ""high"", ""reasoning"": ""E. coli is a bacterium that naturally inhabits the intestines of warm-blooded organisms, including humans, and most strains are harmless or beneficial. However, pathogenic strains can cause disease and are transmitted via fecal-oral routes, but they do not require a host organism to survive outside the host, as they can exist in fecal matter and external environments ([Wikipedia](https://en.wikipedia.org/wiki/Escherichia_coli), [CDC](https://hhs.iowa.gov/health-prevention/providers-professionals/center-acute-disease-epidemiology/epi-manual/reportable-diseases/e-coli-pathogenic-1)).""}, ""citations"": [{""favicon"": null, ""id"": ""https://en.wikipedia.org/wiki/Escherichia_coli"", ""image"": null, ""publishedDate"": null, ""score"": null, ""snippet"": ""Escherichia coli is a gram-negative, facultative anaerobic, rod-shaped, coliform bacterium of the genus Escherichia that is commonly found in the lower ..."", ""title"": ""Escherichia coli - Wikipedia"", ""url"": ""https://en.wikipedia.org/wiki/Escherichia_coli""}, {""favicon"": ""https://hhs.iowa.gov/themes/custom/wildrose/favicon.ico"", ""id"": ""https://hhs.iowa.gov/health-prevention/providers-professionals/center-acute-disease-epidemiology/epi-manual/reportable-diseases/e-coli-pathogenic-1"", ""image"": ""https://hhs.iowa.gov/themes/custom/wildrose/images/iowa-metaimg-universal.png"", ""publishedDate"": null, ""score"": null, ""snippet"": ""Does Escherichia coli require isolation?\nIn the healthcare setting patients should be placed in contact isolation for the duration of the diarrhea. In homes, persons with diarrhea should not cook food for others and must use good handwashing technique after using the toilet. Cases must be instructed on proper handwashing, especially after-toilet use."", ""title"": ""Controlling Spread of E. Coli | Health & Human Services"", ""url"": ""https://hhs.iowa.gov/health-prevention/providers-professionals/center-acute-disease-epidemiology/epi-manual/reportable-diseases/e-coli-pathogenic-1""}, {""favicon"": ""https://elifesciences.org/assets/favicons/apple-touch-icon-57x57.c2b7763c.png"", ""id"": ""https://elifesciences.org/articles/05826"", ""image"": ""https://iiif.elifesciences.org/journal-cms/article%2F2020-07%2F3-e.-coli-illo.jpg/full/full/0/default.jpg"", ""publishedDate"": ""2015-03-25T00:00:00.000Z"", ""score"": null, ""snippet"": ""Indeed, E. coli benefits its host in a number of ways. It produces vitamin K and vitamin B12, both of which are required by mammalian hosts ( ..."", ""title"": ""The Natural History of Model Organisms: The unexhausted potential ..."", ""url"": ""https://elifesciences.org/articles/05826""}, {""favicon"": null, ""id"": ""https://bio.as.uky.edu/sites/default/files/E_coli_host_strains_genotypes.pdf"", ""image"": null, ""publishedDate"": null, ""score"": null, ""snippet"": ""To successfully perform molecular genetic techniques it is essential to have a full understanding of the properties of the various Escherichia coli host strains ..."", ""title"": ""[PDF] Escherichia coli Host Strains - Biology"", ""url"": ""https://bio.as.uky.edu/sites/default/files/E_coli_host_strains_genotypes.pdf""}, {""favicon"": null, ""id"": ""https://study.com/academy/lesson/growth-requirements-of-e-coli-and-auxotrophs.html"", ""image"": null, ""publishedDate"": null, ""score"": null, ""snippet"": ""What are the growth requirements for Escherichia coli?\nE. coli is a mesophile that grows best at 37 degrees Celsius in neutral pH environments. E. coli is a facultative anaerobe and is able to grow without oxygen, but it can extract more energy from its nutrient source and grow faster if oxygen is present."", ""title"": ""E. Coli Overview, Growth Factors & Ideal Conditions - Lesson"", ""url"": ""https://study.com/academy/lesson/growth-requirements-of-e-coli-and-auxotrophs.html""}, {""favicon"": null, ""id"": ""https://en.wikipedia.org/wiki/Pathogenic_Escherichia_coli"", ""image"": ""https://upload.wikimedia.org/wikipedia/en/thumb/6/6c/Wiki_letter_w.svg/40px-Wiki_letter_w.svg.png"", ""publishedDate"": ""2011-07-17T00:00:00.000Z"", ""score"": null, ""snippet"": null, ""title"": ""Pathogenic Escherichia coli"", ""url"": ""https://en.wikipedia.org/wiki/Pathogenic_Escherichia_coli""}, {""favicon"": null, ""id"": ""https://en.wikipedia.org/wiki/E._coli"", ""image"": ""https://upload.wikimedia.org/wikipedia/commons/thumb/4/4d/Life_cycle_of_Escherichia_coli.png/500px-Life_cycle_of_Escherichia_coli.png"", ""publishedDate"": null, ""score"": null, ""snippet"": null, ""title"": ""Escherichia coli"", ""url"": ""https://en.wikipedia.org/wiki/E._coli""}, {""favicon"": ""https://health.ucdavis.edu/assets/images/icons/favicon/favicon.ico"", ""id"": ""https://health.ucdavis.edu/conditions/infectious-diseases/bacterial-infections/e-coli-infection"", ""image"": ""https://health.ucdavis.edu/assets/images/wordmarks/UCDavisHealth-white.svg"", ""publishedDate"": ""2023-11-08T05:42:04.000Z"", ""score"": null, ""snippet"": null, ""title"": ""Escherichia coli (E. coli) | Infectious Diseases"", ""url"": ""https://health.ucdavis.edu/conditions/infectious-diseases/bacterial-infections/e-coli-infection""}], ""costDollars"": {""total"": 0.005}, ""requestId"": ""fcc2d6e7ec4433e39ec7d11ce05e6925""}"
562,requires_bacterial_food,exa_answer,"{""answer"": {""answer"": ""no"", ""confidence"": ""high"", ""reasoning"": ""E. coli is a bacterium that naturally resides in the intestines of warm-blooded animals, including humans and cattle, and can be transmitted through contaminated food, water, or contact with animals or their environment. It does not require a bacterial food source to survive or reproduce, as it is a microorganism that lives within hosts or in the environment, but it can be transmitted via contaminated food sources such as ground beef, unpasteurized dairy, or produce, which are common sources of infection ([marlerclark.com](https://marlerclark.com/news_events/foods-that-commonly-contribute-to-e-coli-cases), [krakensense.com](https://krakensense.com/blog/sources-of-ecoli-infection), [cdc.gov](https://www.cdc.gov/ecoli/about/kinds-of-ecoli.html)).""}, ""citations"": [{""favicon"": null, ""id"": ""https://marlerclark.com/news_events/foods-that-commonly-contribute-to-e-coli-cases"", ""image"": ""https://holistic-kudu.transforms.svdcdn.com/production/Image.png?w=1200&h=630&q=82&auto=format&fit=crop&dm=1642178962&s=7c4e794ebe51f06b43abf3383afeeb40"", ""publishedDate"": null, ""score"": null, ""snippet"": ""Foods that commonly contribute to E. coli cases · 1. Ground beef · 2. Unpasteurized milk and dairy products · 3. Fresh produce · 4. Water · 5. Unpasteurized ..."", ""title"": ""Foods that commonly contribute to E. coli cases | Marler Clark"", ""url"": ""https://marlerclark.com/news_events/foods-that-commonly-contribute-to-e-coli-cases""}, {""favicon"": ""https://images.squarespace-cdn.com/content/v1/629780ad60b2ca4521d4fcbe/a6b85c83-da02-4945-9c7d-eedac93d27ee/favicon.ico?format=100w"", ""id"": ""https://krakensense.com/blog/sources-of-ecoli-infection"", ""image"": ""http://static1.squarespace.com/static/629780ad60b2ca4521d4fcbe/t/62d9750ee6acdf640bee15e0/1658418450447/romaine-lettuce-2.jpg?format=1500w"", ""publishedDate"": ""2022-07-25T00:00:00.000Z"", ""score"": null, ""snippet"": ""As E. coli bacteria do not survive at temperatures above 70°C, processed foods are typically safe from contamination. Instead, raw fruits and ..."", ""title"": ""Sources of E. coli Infection and How to Deal with It - Kraken Sense"", ""url"": ""https://krakensense.com/blog/sources-of-ecoli-infection""}, {""favicon"": ""https://cdc.gov/TemplatePackage/5.0/img/favicon/apple-touch-icon.png"", ""id"": ""https://cdc.gov/ecoli/about/kinds-of-ecoli.html"", ""image"": ""https://www.cdc.gov/ecoli/media/images/2024/05/DFE-Ecoli-Kinds-2019-Pathogen-Illustration.jpg"", ""publishedDate"": ""2024-05-14T00:00:00.000Z"", ""score"": null, ""snippet"": ""Contaminated food (especially leafy greens and ground beef) · Unsafe water · Animals (especially cattle), their poop, or their environment · Poop ..."", ""title"": ""Kinds of E. coli | E. coli infection - CDC"", ""url"": ""https://www.cdc.gov/ecoli/about/kinds-of-ecoli.html""}, {""favicon"": ""https://journals.asm.org/products/asmj/releasedAssets/images/favicon/favicon-00a8fd3037d5aa92d2bdc7f904fce44a.ico"", ""id"": ""https://journals.asm.org/doi/10.1128/ecosalplus.8.3.1.2"", ""image"": ""https://journals.asm.org/cms/asset/c3c812a6-6241-46ac-ae5a-74da95060066/default_cover.jpg"", ""publishedDate"": ""2004-12-29T00:00:00.000Z"", ""score"": null, ""snippet"": null, ""title"": ""The Life of Commensal  Escherichia coli  in the Mammalian Intestine"", ""url"": ""https://journals.asm.org/doi/10.1128/ecosalplus.8.3.1.2""}, {""favicon"": ""https://journals.asm.org/products/asmj/releasedAssets/images/favicon/favicon-00a8fd3037d5aa92d2bdc7f904fce44a.ico"", ""id"": ""https://journals.asm.org/doi/10.1128/microbiolspec.mbp-0006-2014"", ""image"": ""https://journals.asm.org/cms/asset/58c75dea-aedc-40b8-9bda-0603f8a2dbf6/default_cover.jpg"", ""publishedDate"": ""2015-06-25T00:00:00.000Z"", ""score"": null, ""snippet"": null, ""title"": ""Commensal and Pathogenic Escherichia coli Metabolism in the Gut | Microbiology Spectrum"", ""url"": ""https://journals.asm.org/doi/10.1128/microbiolspec.mbp-0006-2014""}, {""favicon"": null, ""id"": ""https://en.wikipedia.org/wiki/Escherichia_coli"", ""image"": null, ""publishedDate"": null, ""score"": null, ""snippet"": null, ""title"": """", ""url"": ""https://en.wikipedia.org/wiki/Escherichia_coli""}], ""costDollars"": {""total"": 0.005}, ""requestId"": ""64dcb01717061619aaeeb9b2fa4ae68f""}"
562,bsl_level,exa_answer,"{""answer"": {""answer"": ""BSL-2"", ""confidence"": ""high"", ""reasoning"": ""Pathogenic strains of Escherichia coli, which pose a risk to human health, are classified as Risk Group 2 and require Biosafety Level 2 (BSL-2) containment, while non-pathogenic strains such as E. coli K12 are classified as Risk Group 1 and can be handled at BSL-1. This classification is supported by multiple sources including Cornell EHS, GWU, and CDC/NIH guidelines.""}, ""citations"": [{""favicon"": ""https://ehs.cornell.edu/themes/custom/cwd_ehsrm/favicon.ico"", ""id"": ""https://ehs.cornell.edu/research-safety/biosafety-biosecurity/biological-safety-manuals-and-other-documents/bars-other/pathogenic-escherichia-coli"", ""image"": null, ""publishedDate"": null, ""score"": null, ""snippet"": null, ""title"": ""Pathogenic Escherichia coli Strains Biological Agent Reference Sheets (BARS)"", ""url"": ""https://ehs.cornell.edu/research-safety/biosafety-biosecurity/biological-safety-manuals-and-other-documents/bars-other/pathogenic-escherichia-coli""}, {""favicon"": ""https://ehs.cornell.edu/themes/custom/cwd_ehsrm/favicon.ico"", ""id"": ""https://ehs.cornell.edu/research-safety/biosafety-biosecurity/biological-safety-manuals-and-other-documents/bars-other/non-pathogenic-escherichia-coli"", ""image"": null, ""publishedDate"": null, ""score"": null, ""snippet"": null, ""title"": ""Non-pathogenic Escherichia coli Strains Biological Agent Reference Sheet (BARS)"", ""url"": ""https://ehs.cornell.edu/research-safety/biosafety-biosecurity/biological-safety-manuals-and-other-documents/bars-other/non-pathogenic-escherichia-coli""}, {""favicon"": ""https://researchsafety.gwu.edu/sites/g/files/zaxdzs4606/files/favicon.ico"", ""id"": ""https://researchsafety.gwu.edu/pathogen-data-sheets/escherichia-coli-e-coli"", ""image"": ""https://centraldata.gwu.edu/sites/g/files/zaxdzs4176/files/2021-12/gw_open_graph.png"", ""publishedDate"": null, ""score"": null, ""snippet"": null, ""title"": ""Escherichia coli (E. coli) | Office of Research Safety | The George Washington University"", ""url"": ""https://researchsafety.gwu.edu/pathogen-data-sheets/escherichia-coli-e-coli""}, {""favicon"": ""https://ehs.princeton.edu/profiles/ps/themes/ps_tiger/favicon.ico"", ""id"": ""https://ehs.princeton.edu/laboratory-research/biological-safety/biosafety-manual/biological-safety-levels"", ""image"": null, ""publishedDate"": null, ""score"": null, ""snippet"": null, ""title"": ""Office of Environmental Health and Safety"", ""url"": ""https://ehs.princeton.edu/laboratory-research/biological-safety/biosafety-manual/biological-safety-levels""}, {""favicon"": null, ""id"": ""https://ors.od.nih.gov/sr/dohs/Documents/biosafety-in-microbiological-and-biomedical-laboratories.PDF"", ""image"": null, ""publishedDate"": ""2020-10-16T00:00:00.000Z"", ""score"": null, ""snippet"": null, ""title"": """", ""url"": ""https://ors.od.nih.gov/sr/dohs/Documents/biosafety-in-microbiological-and-biomedical-laboratories.PDF""}, {""favicon"": ""https://wayne.edu/favicon.ico"", ""id"": ""https://research.wayne.edu/oehs/bio-safety/ecoli-strains"", ""image"": ""https://assets.wayne.edu/images/opengraph/wsu-social-share.png"", ""publishedDate"": null, ""score"": null, ""snippet"": null, ""title"": ""Institutional Oversight of Research Involving E. coli"", ""url"": ""https://research.wayne.edu/oehs/bio-safety/ecoli-strains""}, {""favicon"": null, ""id"": ""https://safety.caltech.edu/documents/15898/BMBL.pdf"", ""image"": null, ""publishedDate"": ""2010-06-18T00:00:00.000Z"", ""score"": null, ""snippet"": null, ""title"": ""Biosafety in Microbiological and Biomedical Laboratories"", ""url"": ""https://safety.caltech.edu/documents/15898/BMBL.pdf""}, {""favicon"": null, ""id"": ""https://research.uga.edu/docs/units/biosafety/BMBL-Guidelines.pdf"", ""image"": null, ""publishedDate"": ""2020-12-11T00:00:00.000Z"", ""score"": null, ""snippet"": null, ""title"": """", ""url"": ""https://research.uga.edu/docs/units/biosafety/BMBL-Guidelines.pdf""}], ""costDollars"": {""total"": 0.005}, ""requestId"": ""d2c1b76344894773f0a7e4cdd44680c0""}"
562,requires_lab_permits,exa_answer,"{""answer"": {""answer"": ""yes"", ""confidence"": ""high"", ""reasoning"": ""Based on the search results, working with pathogenic strains of E. coli, especially those that produce toxins like Shiga toxin, generally requires biosafety level 2 (BSL-2) containment and oversight, which implies regulatory approval. Non-pathogenic strains such as E. coli K-12 are usually exempt from such requirements, but pathogenic strains do require special permits and approvals due to their risk group classification (RG-2) ([Cornell EHS](https://ehs.cornell.edu/research-safety/biosafety-biosecurity/biological-safety-manuals-and-other-documents/bars-other/pathogenic-escherichia-coli), [University of Utah IBC](https://ibc.utah.edu/library/ecoli-strains)).""}, ""citations"": [{""favicon"": ""https://ehs.cornell.edu/themes/custom/cwd_ehsrm/favicon.ico"", ""id"": ""https://ehs.cornell.edu/research-safety/biosafety-biosecurity/biological-safety-manuals-and-other-documents/bars-other/pathogenic-escherichia-coli"", ""image"": null, ""publishedDate"": null, ""score"": null, ""snippet"": null, ""title"": ""Pathogenic Escherichia coli Strains Biological Agent Reference Sheets (BARS)"", ""url"": ""https://ehs.cornell.edu/research-safety/biosafety-biosecurity/biological-safety-manuals-and-other-documents/bars-other/pathogenic-escherichia-coli""}, {""favicon"": ""https://floridadep.gov/themes/custom/basic/favicon.ico"", ""id"": ""https://floridadep.gov/dear/florida-dep-laboratory/content/molecular-biology"", ""image"": ""https://floridadep.gov/themes/custom/basic/images/print-banner2.png"", ""publishedDate"": ""2022-06-07T00:00:00.000Z"", ""score"": null, ""snippet"": ""The Biology Program's Molecular Section uses microbial source tracking (MST) analyses to identify sources of fecal contamination in Florida's waterbodies."", ""title"": ""Molecular Biology - Florida Department of Environmental Protection"", ""url"": ""https://floridadep.gov/dear/florida-dep-laboratory/content/molecular-biology""}, {""favicon"": ""https://ehs.cornell.edu/themes/custom/cwd_ehsrm/favicon.ico"", ""id"": ""https://ehs.cornell.edu/research-safety/biosafety-biosecurity/biological-safety-manuals-and-other-documents/bars-other/non-pathogenic-escherichia-coli"", ""image"": null, ""publishedDate"": ""2024-07-21T00:00:00.000Z"", ""score"": null, ""snippet"": ""Laboratory Acquired Infection (LAI) History: Twelve reported cases of laboratory infections with wild-type infectious E. coli since 1981."", ""title"": ""Non-pathogenic Escherichia coli Strains Biological Agent Reference ..."", ""url"": ""https://ehs.cornell.edu/research-safety/biosafety-biosecurity/biological-safety-manuals-and-other-documents/bars-other/non-pathogenic-escherichia-coli""}, {""favicon"": null, ""id"": ""https://emsl.com/Services.aspx?action=show&serviceid=343&TopServiceCategoryID=5"", ""image"": null, ""publishedDate"": null, ""score"": null, ""snippet"": ""The Colilert test can detect these bacteria at 1 cfu/100 mL within 24 hours with as many as 2 million heterotrophic bacteria per 100ml present."", ""title"": ""E. coli Detection by Colilert (Presence/Absence) (M022) - EMSL"", ""url"": ""https://emsl.com/Services.aspx?action=show&serviceid=343&TopServiceCategoryID=5""}, {""favicon"": ""https://testdirectory.questdiagnostics.com/images/favicon/favicon.ico"", ""id"": ""https://testdirectory.questdiagnostics.com/test/test-detail/8631/escherichia-coli-o157-culture?cc=MASTER&p=r"", ""image"": null, ""publishedDate"": null, ""score"": null, ""snippet"": ""Test Code 8631, CPT Code(s) 87046. Please provide SERVICE AREA INFORMATION to confirm Test Code for the lab that services your account."", ""title"": ""Escherichia coli O157, Culture | Test Detail | Quest Diagnostics"", ""url"": ""https://testdirectory.questdiagnostics.com/test/test-detail/8631/escherichia-coli-o157-culture?cc=MASTER&p=r""}, {""favicon"": ""https://templates.utah.edu/_main-v3-1/images/template/favicon.ico"", ""id"": ""https://ibc.utah.edu/library/ecoli-strains-nih-guidelines.php"", ""image"": null, ""publishedDate"": null, ""score"": null, ""snippet"": null, ""title"": ""E.Coli Strains and the NIH Guidelines - IBC - The University of Utah"", ""url"": ""https://ibc.utah.edu/library/ecoli-strains-nih-guidelines.php""}, {""favicon"": ""https://wayne.edu/favicon.ico"", ""id"": ""https://research.wayne.edu/oehs/bio-safety/ecoli-strains"", ""image"": ""https://assets.wayne.edu/images/opengraph/wsu-social-share.png"", ""publishedDate"": null, ""score"": null, ""snippet"": null, ""title"": ""Institutional Oversight of Research Involving E. coli"", ""url"": ""https://research.wayne.edu/oehs/bio-safety/ecoli-strains""}], ""costDollars"": {""total"": 0.005}, ""requestId"": ""6823ed5965277ddaefe94bc51e493729""}"
562,culture_conditions,exa_answer,"{""answer"": {""answer"": ""The culture growth conditions for Escherichia coli include maintaining a temperature of approximately 37°C, a neutral pH of around 7, and using nutrient-rich media such as LB broth or agar. E. coli is a facultative anaerobe, so it can grow in both aerobic and anaerobic environments. For optimal growth, cultures are typically incubated with shaking to promote aeration, and sterile techniques are essential to prevent contamination. These conditions support rapid growth, with doubling times as short as 20 minutes in ideal laboratory settings."", ""confidence"": ""high"", ""reasoning"": ""The search results indicate that Escherichia coli (E. coli) grows optimally at 37°C, which is the typical human body temperature, and it is a facultative anaerobe, meaning it can grow with or without oxygen. The pH for optimal growth is around 7, which is neutral. Media used for cultivation commonly include LB (Luria-Bertani) broth or agar, which are standard nutrient-rich media suitable for E. coli growth. Other environmental factors include the need for sterile conditions and proper incubation methods, such as shaking for liquid cultures to ensure aeration. These conditions are supported by multiple sources, including Wikipedia and microbiological protocols ([Wikipedia](https://en.wikipedia.org/wiki/Escherichia_coli), [Sigma-Aldrich](https://www.sigmaaldrich.com/US/en/technical-documents/protocol/cell-culture-and-cell-culture-analysis/microbial-cell-culture/microbial-growth), [study.com](https://study.com/academy/lesson/growth-requirements-of-e-coli-and-auxotrophs.html)).""}, ""citations"": [{""favicon"": null, ""id"": ""https://en.wikipedia.org/wiki/Escherichia_coli"", ""image"": null, ""publishedDate"": null, ""score"": null, ""snippet"": ""Culture growth. A colony of E. coli growing. Optimum growth of E. coli occurs at 37 °C (99 °F), but some laboratory strains can multiply at temperatures up to ..."", ""title"": ""Escherichia coli - Wikipedia"", ""url"": ""https://en.wikipedia.org/wiki/Escherichia_coli""}, {""favicon"": ""https://www.sigmaaldrich.com/static/favicon.ico"", ""id"": ""https://sigmaaldrich.com/US/en/technical-documents/protocol/cell-culture-and-cell-culture-analysis/microbial-cell-culture/microbial-growth"", ""image"": null, ""publishedDate"": null, ""score"": null, ""snippet"": ""Dilute the starter culture 1:500 to 1:1000 in a large flask with the appropriate volume of media and incubate at 37 °C* for 12 to 16 hours while shaking at 250- ..."", ""title"": ""Microbial Growth Protocols - Sigma-Aldrich"", ""url"": ""https://www.sigmaaldrich.com/US/en/technical-documents/protocol/cell-culture-and-cell-culture-analysis/microbial-cell-culture/microbial-growth""}, {""favicon"": null, ""id"": ""https://study.com/academy/lesson/growth-requirements-of-e-coli-and-auxotrophs.html"", ""image"": null, ""publishedDate"": null, ""score"": null, ""snippet"": ""Optimal growth conditions for E. coli are 37 degrees Celsius (98.6 degrees Fahrenheit, aerobic (with oxygen), and a pH of 7. E. coli is a mesophile which means ..."", ""title"": ""E. Coli Overview, Growth Factors & Ideal Conditions - Lesson"", ""url"": ""https://study.com/academy/lesson/growth-requirements-of-e-coli-and-auxotrophs.html""}, {""favicon"": ""https://bitesizebio.com/wp-content/uploads/2024/06/cropped-cropped-bsb-large-roundel-32x32.png"", ""id"": ""https://bitesizebio.com/5638/eliminate-the-growth-lag-with-large-e-coli-cultures"", ""image"": ""https://bitesizebio.com/wp-content/uploads/2011/01/E_coli.jpg"", ""publishedDate"": ""2025-04-15T00:00:00.000Z"", ""score"": null, ""snippet"": ""Ideally the room temperature culture would be grown in a refrigerated shaking incubator, but I have also done this simply by autoclaving the ..."", ""title"": ""Eliminate the Growth Lag with Large E. coli Cultures - Bitesize Bio"", ""url"": ""https://bitesizebio.com/5638/eliminate-the-growth-lag-with-large-e-coli-cultures""}, {""favicon"": null, ""id"": ""https://fsl.nmsu.edu/documents/difcobblmanual_2nded_lowres.pdf"", ""image"": null, ""publishedDate"": ""2009-03-16T00:00:00.000Z"", ""score"": null, ""snippet"": null, ""title"": """", ""url"": ""https://fsl.nmsu.edu/documents/difcobblmanual_2nded_lowres.pdf""}, {""favicon"": null, ""id"": ""https://2024.sci-hub.st/8525/0461334be01edf652b9e062dd7bb2bee/tuttle2021.pdf"", ""image"": null, ""publishedDate"": ""2021-01-20T00:00:00.000Z"", ""score"": null, ""snippet"": null, ""title"": ""Growth and Maintenance of Escherichia coli Laboratory Strains"", ""url"": ""https://2024.sci-hub.st/8525/0461334be01edf652b9e062dd7bb2bee/tuttle2021.pdf""}], ""costDollars"": {""total"": 0.005}, ""requestId"": ""25d635d320a3c6eb0e821c170d653246""}"
562,bsl_infrastructure_requirements,exa_answer,"{""answer"": {""answer"": ""The infrastructure required to work with organisms at BSL-1, such as non-pathogenic E. coli strains, includes autoclaves for sterilization, sterile culturing equipment, refrigerators, freezers, and waste disposal systems. For BSL-2, additional facilities like biosafety cabinets, restricted access, and specific safety equipment such as autoclaves and incinerators are necessary to handle pathogenic strains safely. Both levels require adherence to biosafety practices and proper laboratory design to ensure safety and containment ([CDC](https://www.cdc.gov/labs/pdf/SF__19_308133-A_BMBL6_00-BOOK-WEB-final-3.pdf), [HHS](https://aspr.hhs.gov/S3/Pages/Biosafety-Level-Requirements.aspx), [researchsafety.gwu.edu](https://researchsafety.gwu.edu/pathogen-data-sheets/escherichia-coli-e-coli))."", ""confidence"": ""high"", ""reasoning"": ""The search results indicate that working with organisms at BSL-1, such as non-pathogenic strains of Escherichia coli, requires basic laboratory infrastructure including autoclaves for decontamination, sterile culturing equipment, refrigerators, freezers, and waste disposal systems. Specifically, BSL-1 facilities do not require specialized containment equipment but should follow standard microbiological practices. For BSL-2, which is applicable for pathogenic strains of E. coli, additional safety measures are mandated, including restricted access, specific training, and procedures to handle infectious agents safely, along with equipment like biosafety cabinets and decontamination devices such as autoclaves and incinerators ([CDC](https://www.cdc.gov/labs/pdf/SF__19_308133-A_BMBL6_00-BOOK-WEB-final-3.pdf), [HHS](https://aspr.hhs.gov/S3/Pages/Biosafety-Level-Requirements.aspx), [researchsafety.gwu.edu](https://researchsafety.gwu.edu/pathogen-data-sheets/escherichia-coli-e-coli)). The infrastructure must also include physical containment features and appropriate waste management systems to ensure safety and compliance with biosafety standards.""}, ""citations"": [{""favicon"": null, ""id"": ""https://cdc.gov/labs/pdf/SF__19_308133-A_BMBL6_00-BOOK-WEB-final-3.pdf"", ""image"": null, ""publishedDate"": null, ""score"": null, ""snippet"": ""This edition of BMBL includes revised sections, agent summary statements, and appendices. We harmonized the recommendations included in this edition with ..."", ""title"": ""[PDF] Biosafety in Microbiological and Biomedical Laboratories—6th Edition"", ""url"": ""https://www.cdc.gov/labs/pdf/SF__19_308133-A_BMBL6_00-BOOK-WEB-final-3.pdf""}, {""favicon"": ""https://aspr.hhs.gov/PublishingImages/ASPR.png"", ""id"": ""https://aspr.hhs.gov/S3/Pages/Biosafety-Level-Requirements.aspx"", ""image"": ""https://aspr.hhs.gov/_catalogs/masterpage/ASPR/images/Misc/aspr-socialmedia-splashscreen.jpg"", ""publishedDate"": null, ""score"": null, ""snippet"": ""Which of the following are requirements for a BSL-2 laboratory?\nBiosafety Level 2 (BSL-2)\\n\\n BSL-2 laboratories must also have access to equipment that can decontaminate laboratory waste, including an incinerator, an autoclave, and/or another method of decontamination, depending on the biological risk assessment. Access to the laboratory is restricted when work is being conducted."", ""title"": ""Biosafety Levels & Lab Safety Guidelines"", ""url"": ""https://aspr.hhs.gov/S3/Pages/Biosafety-Level-Requirements.aspx""}, {""favicon"": ""https://researchsafety.gwu.edu/sites/g/files/zaxdzs4606/files/favicon.ico"", ""id"": ""https://researchsafety.gwu.edu/pathogen-data-sheets/escherichia-coli-e-coli"", ""image"": ""https://centraldata.gwu.edu/sites/g/files/zaxdzs4176/files/2021-12/gw_open_graph.png"", ""publishedDate"": null, ""score"": null, ""snippet"": ""BSL-2/ABSL-2, Risk Group 2 classification is applied to all pathogenic strains. BSL-2 practices, containment equipment, and facilities are recommended for ..."", ""title"": ""Escherichia coli (E. coli) | Office of Research Safety"", ""url"": ""https://researchsafety.gwu.edu/pathogen-data-sheets/escherichia-coli-e-coli""}, {""favicon"": ""https://ehs.cornell.edu/themes/custom/cwd_ehsrm/favicon.ico"", ""id"": ""https://ehs.cornell.edu/research-safety/biosafety-biosecurity/biological-safety-manuals-and-other-documents/bars-other/non-pathogenic-escherichia-coli"", ""image"": null, ""publishedDate"": ""2024-07-21T00:00:00.000Z"", ""score"": null, ""snippet"": ""Laboratory Handling Guidelines. Laboratory Biosafety Level (BSL): BSL-1. Training, Lab Engineering Controls, Personal Protective Equipment ..."", ""title"": ""Non-pathogenic Escherichia coli Strains Biological Agent Reference ..."", ""url"": ""https://ehs.cornell.edu/research-safety/biosafety-biosecurity/biological-safety-manuals-and-other-documents/bars-other/non-pathogenic-escherichia-coli""}, {""favicon"": null, ""id"": ""https://labmanager.com/biological-safety-level-1-2-3-4-19123"", ""image"": ""https://cdn.labmanager.com/assets/articleNo/19123/aImg/56959/istock-1322230397-m.jpg"", ""publishedDate"": null, ""score"": null, ""snippet"": ""Biosafety levels (BSL-1 to BSL-4) define lab safety protocols for handling infectious agents. Learn key safety measures, waste management, and training."", ""title"": ""Guide to Biosafety Levels (BSL) 1, 2, 3, & 4 | Lab Manager"", ""url"": ""https://www.labmanager.com/biological-safety-level-1-2-3-4-19123""}, {""favicon"": null, ""id"": ""https://study.com/academy/lesson/growth-requirements-of-e-coli-and-auxotrophs.html"", ""image"": null, ""publishedDate"": null, ""score"": null, ""snippet"": ""What are the growth requirements for Escherichia coli?\nE. coli is a mesophile that grows best at 37 degrees Celsius in neutral pH environments. E. coli is a facultative anaerobe and is able to grow without oxygen, but it can extract more energy from its nutrient source and grow faster if oxygen is present."", ""title"": ""E. Coli Overview, Growth Factors & Ideal Conditions - Lesson - Study.com"", ""url"": ""https://study.com/academy/lesson/growth-requirements-of-e-coli-and-auxotrophs.html""}, {""favicon"": null, ""id"": ""https://essr.umd.edu/sites/default/files/2021-11/BMBL_6thed_2020-SectionIV-LaboratoryBiosafetyLevelCriteria.pdf"", ""image"": null, ""publishedDate"": ""2021-01-05T00:00:00.000Z"", ""score"": null, ""snippet"": null, ""title"": """", ""url"": ""https://essr.umd.edu/sites/default/files/2021-11/BMBL_6thed_2020-SectionIV-LaboratoryBiosafetyLevelCriteria.pdf""}, {""favicon"": null, ""id"": ""https://asm.org/getmedia/e0cc1a61-74bb-402e-a4f9-80c9de0186fd/asm-biosafety-guidelines.pdf"", ""image"": null, ""publishedDate"": ""2019-12-20T00:00:00.000Z"", ""score"": null, ""snippet"": null, ""title"": """", ""url"": ""https://asm.org/getmedia/e0cc1a61-74bb-402e-a4f9-80c9de0186fd/asm-biosafety-guidelines.pdf""}], ""costDollars"": {""total"": 0.005}, ""requestId"": ""32a202f515248e74709c326de733f905""}"
562,organism_infrastructure_requirements,exa_answer,"{""answer"": {""answer"": ""To culture Escherichia coli, organism-specific infrastructure includes sterile culture vessels such as plates, flasks, and tubes, incubators maintained at 37°C, and sterile growth media like LB broth or agar plates. Specialized tools include autoclaves for sterilizing media and equipment, laminar flow cabinets for aseptic work, inoculation loops for transferring bacteria, and microscopes for observation. Additional equipment like gas collector tubes (Durham tubes) and UV lamps may be used for specific testing procedures. These components are essential for proper cultivation, isolation, and analysis of E. coli."", ""confidence"": ""high"", ""reasoning"": ""The search results indicate that culturing Escherichia coli requires specific equipment such as sterile culture vessels (plates, flasks, tubes), incubators set at 37°C, and sterile media like LB broth or agar plates ([Sigma-Aldrich](https://www.sigmaaldrich.com/US/en/technical-documents/protocol/cell-culture-and-cell-culture-analysis/microbial-cell-culture/microbial-growth)). Additionally, microbiological instruments such as autoclaves for sterilization, laminar flow cabinets for aseptic work, inoculation loops for transferring bacteria, and microscopes for observation are essential ([Wikipedia](https://en.wikipedia.org/wiki/Instruments_used_in_microbiology)). For specialized procedures, equipment like gas collector tubes (Durham tubes) and UV lamps may be used for specific tests ([Corn Refiners Association](https://corn.org/wp-content/uploads/2018/07/Escherichia-Coli-Culture-Method.pdf)). These tools and infrastructure ensure proper cultivation, isolation, and analysis of E. coli strains.""}, ""citations"": [{""favicon"": ""https://www.sigmaaldrich.com/static/favicon.ico"", ""id"": ""https://sigmaaldrich.com/US/en/technical-documents/protocol/cell-culture-and-cell-culture-analysis/microbial-cell-culture/microbial-growth"", ""image"": null, ""publishedDate"": null, ""score"": null, ""snippet"": ""Culture of E. coli\nReagents\nEquipment\nPure E. coli culture\nCabinet incubator (37 °C)\nLB – Miller\nShaker incubator (37 °C)\nLB – Miller Plates\nCulture dishes, sterile\n\nCulture flasks, sterile"", ""title"": ""Microbial Growth Protocols - Sigma-Aldrich"", ""url"": ""https://www.sigmaaldrich.com/US/en/technical-documents/protocol/cell-culture-and-cell-culture-analysis/microbial-cell-culture/microbial-growth""}, {""favicon"": null, ""id"": ""https://en.wikipedia.org/wiki/Instruments_used_in_microbiology"", ""image"": ""https://upload.wikimedia.org/wikipedia/en/thumb/1/1d/Information_icon4.svg/20px-Information_icon4.svg.png"", ""publishedDate"": null, ""score"": null, ""snippet"": ""What equipment is used to culture bacteria?\nInstrument list\nInstrument\nUses\nIncubator\nused for bacterial or fungal cultures\nInoculation loop\nused to inoculate test samples into culture media for bacterial or fungal cultures, antibiograms, etc. Sterilized by passing through a blue flame.\nLaminar flow cabinet\nused to work in an aseptic environment"", ""title"": ""Instruments used in microbiology - Wikipedia"", ""url"": ""https://en.wikipedia.org/wiki/Instruments_used_in_microbiology""}, {""favicon"": null, ""id"": ""https://corn.org/wp-content/uploads/2018/07/Escherichia-Coli-Culture-Method.pdf"", ""image"": null, ""publishedDate"": ""2007-02-01T00:00:00.000Z"", ""score"": null, ""snippet"": ""3. The test should be run with a positive control. A 10 g sample is required for USP testing and 1 g for food standards."", ""title"": ""[PDF] Escherichia Coli (Culture Method) - Corn Refiners Association"", ""url"": ""https://corn.org/wp-content/uploads/2018/07/Escherichia-Coli-Culture-Method.pdf""}, {""favicon"": ""https://researchsafety.gwu.edu/sites/g/files/zaxdzs4606/files/favicon.ico"", ""id"": ""https://researchsafety.gwu.edu/pathogen-data-sheets/escherichia-coli-e-coli"", ""image"": ""https://centraldata.gwu.edu/sites/g/files/zaxdzs4176/files/2021-12/gw_open_graph.png"", ""publishedDate"": null, ""score"": null, ""snippet"": ""At minimum, personnel are required to don gloves, closed toed shoes, lab coat, and appropriate face and eye protection prior to working with E. coli. Additional ..."", ""title"": ""Escherichia coli (E. coli) | Office of Research Safety"", ""url"": ""https://researchsafety.gwu.edu/pathogen-data-sheets/escherichia-coli-e-coli""}, {""favicon"": ""https://cdn11.bigcommerce.com/s-ufhcuzfxw9/product_images/home-science-tools-favicon.png?t=1655293867"", ""id"": ""https://homesciencetools.com/product/escherichia-coli-bacteria"", ""image"": ""http://cdn11.bigcommerce.com/s-ufhcuzfxw9/content/images/HST-Logo.sv"", ""publishedDate"": null, ""score"": null, ""snippet"": ""Each culture comes in a test tube on agar media. These slant cultures are made with 5ml of agar that is rotated diagonally to provide the maximum surface area ..."", ""title"": ""Escherichia Coli Bacteria - Live Culture - Home Science Tools"", ""url"": ""https://www.homesciencetools.com/product/escherichia-coli-bacteria""}, {""favicon"": null, ""id"": ""https://coleman-lab.org/wp-content/uploads/2021/04/Growing-E.coli_.pdf"", ""image"": null, ""publishedDate"": ""2021-04-01T00:00:00.000Z"", ""score"": null, ""snippet"": null, ""title"": """", ""url"": ""https://coleman-lab.org/wp-content/uploads/2021/04/Growing-E.coli_.pdf""}, {""favicon"": ""https://currentprotocols.onlinelibrary.wiley.com/favicon.ico"", ""id"": ""https://currentprotocols.onlinelibrary.wiley.com/doi/10.1002/cpz1.20"", ""image"": ""https://currentprotocols.onlinelibrary.wiley.com/cms/asset/52624e51-0210-4dc3-858f-fa5507796bd7/cpz1.v1.1.cover.jpg?trick=1720236535984"", ""publishedDate"": ""2021-01-01T00:00:00.000Z"", ""score"": null, ""snippet"": null, ""title"": ""Growth and Maintenance of  Escherichia coli  Laboratory Strains"", ""url"": ""https://currentprotocols.onlinelibrary.wiley.com/doi/10.1002/cpz1.20""}], ""costDollars"": {""total"": 0.005}, ""requestId"": ""762f325af13a3b015d3b2a8435f11133""}"
562,96_well_plate_capable,exa_answer,"{""answer"": {""answer"": ""yes"", ""confidence"": ""high"", ""reasoning"": ""The search results include protocols for culturing bacteria in 96-well plates, specifically mentioning Escherichia coli viability assays and bacterial growth curves in 96-well microplates. These protocols demonstrate that it is feasible to culture E. coli in a 96-well plate, as they are used for growth monitoring and viability testing, which are standard microbiological practices ([Result 1](https://lowepowerlab.ucdavis.edu/protocols/bacteria_growth_curve_96well.html), [Result 2](https://bio-protocol.org/exchange/minidetail?id=9006775&type=30)).""}, ""citations"": [{""favicon"": null, ""id"": ""https://lowepowerlab.ucdavis.edu/protocols/bacteria_growth_curve_96well.html"", ""image"": null, ""publishedDate"": null, ""score"": null, ""snippet"": null, ""title"": ""Bacterial Growth Curves in 96-well microplates | protocols"", ""url"": ""https://lowepowerlab.ucdavis.edu/protocols/bacteria_growth_curve_96well.html""}, {""favicon"": ""https://bio-protocol.org/favicon.ico"", ""id"": ""https://bio-protocol.org/exchange/minidetail?id=9006775&type=30"", ""image"": ""https://cdn.bio-protocol.org/forum/fe/static/share_logo.png"", ""publishedDate"": ""2021-02-26T00:00:00.000Z"", ""score"": null, ""snippet"": null, ""title"": ""2.3.1.  Escherichia coli viability assay"", ""url"": ""https://bio-protocol.org/exchange/minidetail?id=9006775&type=30""}], ""costDollars"": {""total"": 0.005}, ""requestId"": ""894a5ed18923ca796e684cdcff3c3830""}"
562,size,exa_answer,"{""answer"": {""answer"": ""E. coli is approximately 2 micrometers in length, 0.8 micrometers in diameter, and has a volume of about 1 cubic micrometer."", ""confidence"": ""high"", ""reasoning"": ""Based on multiple sources, E. coli typically measures around 2-3 micrometers in length and approximately 0.5-1 micrometer in width. The most specific and recent data from a biological database indicates a length of about 2 micrometers and a diameter of about 0.8 micrometers, with a volume around 1 cubic micrometer, which aligns with the common dimensions of rod-shaped bacteria.""}, ""citations"": [{""favicon"": ""https://bionumbers.hms.harvard.edu/images/BioFavicon.ico"", ""id"": ""https://bionumbers.hms.harvard.edu/bionumber.aspx?id=106614&s=n&v=2"", ""image"": null, ""publishedDate"": null, ""score"": null, ""snippet"": null, ""title"": ""Length, diameter, volume and surface area of  - Bacteria Escherichia coli - BNID 106614"", ""url"": ""https://bionumbers.hms.harvard.edu/bionumber.aspx?id=106614&s=n&v=2""}, {""favicon"": ""https://physicsdigest.blog/wp-content/uploads/2025/08/android-chrome-512x512-1-150x150.png"", ""id"": ""https://physicsdigest.blog/ecoli-morphology-size-shape-dimensions-17791"", ""image"": null, ""publishedDate"": ""2024-11-06T20:44:35.000Z"", ""score"": null, ""snippet"": null, ""title"": ""E. coli Morphology: Size, Shape, and Dimensions"", ""url"": ""https://physicsdigest.blog/ecoli-morphology-size-shape-dimensions-17791""}, {""favicon"": ""https://scibrief.blog/storage/favicon.ico?v=dddb6aded3d22a270cbce9b02754decf"", ""id"": ""https://scibrief.blog/e-coli-size-explained"", ""image"": null, ""publishedDate"": null, ""score"": null, ""snippet"": null, ""title"": ""E. coli Size: Length, Diameter & Volume Explained - Scibrief.blog"", ""url"": ""https://scibrief.blog/e-coli-size-explained""}, {""favicon"": null, ""id"": ""https://en.wikipedia.org/wiki/Escherichia_coli"", ""image"": null, ""publishedDate"": null, ""score"": null, ""snippet"": null, ""title"": """", ""url"": ""https://en.wikipedia.org/wiki/Escherichia_coli""}, {""favicon"": ""https://book.bionumbers.org/wp-content/themes/bionum/favicon3.png"", ""id"": ""https://book.bionumbers.org/how-big-is-an-e-coli-cell-and-what-is-its-mass"", ""image"": ""https://book.bionumbers.org/wp-content/uploads/2014/07/120-f1-HeLaCellDividing-12.png"", ""publishedDate"": null, ""score"": null, ""snippet"": null, ""title"": ""» How big is an E. coli cell and what is its mass?"", ""url"": ""https://book.bionumbers.org/how-big-is-an-e-coli-cell-and-what-is-its-mass""}, {""favicon"": null, ""id"": ""https://nemenmanlab.org/~ilya/images/3/3b/Sizing-up-e-coli.pdf"", ""image"": null, ""publishedDate"": ""2010-09-01T00:00:00.000Z"", ""score"": null, ""snippet"": null, ""title"": """", ""url"": ""https://nemenmanlab.org/~ilya/images/3/3b/Sizing-up-e-coli.pdf""}, {""favicon"": null, ""id"": ""https://ccdb2.wishartlab.com/cgi-bin/STAT_NEW.cgi"", ""image"": null, ""publishedDate"": ""2008-08-01T00:00:00.000Z"", ""score"": null, ""snippet"": null, ""title"": """", ""url"": ""https://ccdb2.wishartlab.com/cgi-bin/STAT_NEW.cgi""}, {""favicon"": null, ""id"": ""https://en.wikipedia.org/wiki/E._coli"", ""image"": ""https://upload.wikimedia.org/wikipedia/commons/thumb/4/4d/Life_cycle_of_Escherichia_coli.png/500px-Life_cycle_of_Escherichia_coli.png"", ""publishedDate"": null, ""score"": null, ""snippet"": null, ""title"": ""Escherichia coli"", ""url"": ""https://en.wikipedia.org/wiki/E._coli""}], ""costDollars"": {""total"": 0.005}, ""requestId"": ""a3b8f8a342c50363ba1124b67aa40904""}"
562,cellularity,exa_answer,"{""answer"": {""answer"": ""unicellular"", ""confidence"": ""high"", ""reasoning"": ""Based on the information from the search results, E. coli is a rod-shaped bacterium with a typical cell volume of approximately 1 µm^3, and its mass is estimated to be around 1 picogram, assuming it has the same density as water. This indicates that E. coli is a unicellular organism, as bacteria are generally single-celled organisms.""}, ""citations"": [{""favicon"": null, ""id"": ""https://en.wikipedia.org/wiki/Escherichia_coli"", ""image"": null, ""publishedDate"": null, ""score"": null, ""snippet"": ""Escherichia coli is a gram-negative, facultative anaerobic, rod-shaped, coliform bacterium of the genus Escherichia that is commonly found in the lower ..."", ""title"": ""Escherichia coli - Wikipedia"", ""url"": ""https://en.wikipedia.org/wiki/Escherichia_coli""}, {""favicon"": ""https://book.bionumbers.org/wp-content/themes/bionum/favicon3.png"", ""id"": ""https://book.bionumbers.org/how-big-is-an-e-coli-cell-and-what-is-its-mass"", ""image"": ""https://book.bionumbers.org/wp-content/uploads/2014/07/120-f1-HeLaCellDividing-12.png"", ""publishedDate"": null, ""score"": null, ""snippet"": null, ""title"": ""» How big is an E. coli cell and what is its mass?"", ""url"": ""https://book.bionumbers.org/how-big-is-an-e-coli-cell-and-what-is-its-mass""}, {""favicon"": ""https://bionumbers.hms.harvard.edu/images/BioFavicon.ico"", ""id"": ""https://bionumbers.hms.harvard.edu/bionumber.aspx?id=111490"", ""image"": null, ""publishedDate"": null, ""score"": null, ""snippet"": null, ""title"": ""Overall macromolecular composition of E. coli cell (see comments)"", ""url"": ""https://bionumbers.hms.harvard.edu/bionumber.aspx?id=111490""}, {""favicon"": ""https://bionumbers.hms.harvard.edu/images/BioFavicon.ico"", ""id"": ""https://bionumbers.hms.harvard.edu/bionumber.aspx?id=101436"", ""image"": null, ""publishedDate"": null, ""score"": null, ""snippet"": null, ""title"": ""Composition of an average E. coli B/r cell"", ""url"": ""https://bionumbers.hms.harvard.edu/bionumber.aspx?id=101436""}, {""favicon"": ""https://en.wikipedia.org/static/apple-touch/wikipedia.png"", ""id"": ""https://en.wikipedia.org/wiki/Bacterial_cell_structure"", ""image"": null, ""publishedDate"": ""2006-02-26T22:18:19.000Z"", ""score"": null, ""snippet"": null, ""title"": ""Bacterial cell structure"", ""url"": ""https://en.wikipedia.org/wiki/Bacterial_cell_structure""}], ""costDollars"": {""total"": 0.005}, ""requestId"": ""3a9997139db7f8f75696a9e35a222722""}"
562,doubling_time,exa_answer,"{""answer"": {""answer"": ""0.33 hours"", ""confidence"": ""high"", ""reasoning"": ""The most relevant and recent sources indicate that the doubling time of E. coli varies depending on growth conditions, but under optimal conditions, it can be as short as approximately 20 minutes (about 0.33 hours). This is supported by multiple entries, including the BioNumbers database, which reports a doubling time of 22.5 minutes in LB medium, and another source citing 20 minutes in laboratory conditions. These times are consistent with known scientific data about E. coli growth rates.""}, ""citations"": [{""favicon"": ""https://bionumbers.hms.harvard.edu/images/BioFavicon.ico"", ""id"": ""https://bionumbers.hms.harvard.edu/bionumber.aspx?id=109057"", ""image"": null, ""publishedDate"": null, ""score"": null, ""snippet"": null, ""title"": ""Average doubling times (τ) of E. coli B/r A a - Bacteria Escherichia coli - BNID 109057"", ""url"": ""https://bionumbers.hms.harvard.edu/bionumber.aspx?id=109057""}, {""favicon"": ""https://bionumbers.hms.harvard.edu/images/BioFavicon.ico"", ""id"": ""https://bionumbers.hms.harvard.edu/bionumber.aspx?id=110058"", ""image"": null, ""publishedDate"": null, ""score"": null, ""snippet"": null, ""title"": ""Doubling times in different media - Bacteria Escherichia coli - BNID 110058"", ""url"": ""https://bionumbers.hms.harvard.edu/bionumber.aspx?id=110058""}, {""favicon"": ""https://bionumbers.hms.harvard.edu/images/BioFavicon.ico"", ""id"": ""https://bionumbers.hms.harvard.edu/bionumber.aspx?id=110058&s=n&v=0"", ""image"": null, ""publishedDate"": null, ""score"": null, ""snippet"": null, ""title"": ""Doubling times in different media"", ""url"": ""https://bionumbers.hms.harvard.edu/bionumber.aspx?id=110058&s=n&v=0""}, {""favicon"": ""https://bionumbers.hms.harvard.edu/images/BioFavicon.ico"", ""id"": ""https://bionumbers.hms.harvard.edu/bionumber.aspx?id=115545&s=n&v=2"", ""image"": ""https://bionumbers.hms.harvard.edu/assets/bionumbers/bionumbers.svg"", ""publishedDate"": null, ""score"": null, ""snippet"": null, ""title"": ""Doubling time estimates (hours) for those spe - bacteria - BNID 115545"", ""url"": ""https://bionumbers.hms.harvard.edu/bionumber.aspx?id=115545&s=n&v=2""}, {""favicon"": ""https://chemidp-test.acs.org/assets/ico/favicon.ico"", ""id"": ""https://chemidp-test.acs.org/generation-time-for-e-coli"", ""image"": ""https://tse1.mm.bing.net/th?q=generation+time+for+e+coli"", ""publishedDate"": ""2023-11-12T01:32:00.000Z"", ""score"": null, ""snippet"": null, ""title"": ""Generation Time For E Coli"", ""url"": ""https://chemidp-test.acs.org/generation-time-for-e-coli""}], ""costDollars"": {""total"": 0.005}, ""requestId"": ""74fb9124c5a997b42b11a53442129d59""}"
562,time_to_adulthood,exa_answer,"{""answer"": {""answer"": ""about 20 minutes"", ""confidence"": ""medium"", ""reasoning"": ""Based on the search results, Escherichia coli has a rapid reproduction time as low as 20 minutes in laboratory conditions, which indicates it reaches sexual maturity quickly, typically within a few hours. The specific time to adulthood or sexual maturity is not explicitly stated, but the rapid reproduction suggests it occurs within approximately 20 minutes to a few hours.""}, ""citations"": [{""favicon"": ""https://my.clevelandclinic.org/assets/imgs/favicon.ico"", ""id"": ""https://my.clevelandclinic.org/health/diseases/16638-e-coli-infection"", ""image"": ""https://my.clevelandclinic.org/-/scassets/images/org/health/articles/e-coli-infection"", ""publishedDate"": ""2023-11-22T00:00:00.000Z"", ""score"": null, ""snippet"": ""Symptoms of an E. coli infection include watery diarrhea, nausea, vomiting, stomach pains, low fever and fatigue."", ""title"": ""E. coli: Infection, Causes, Symptoms & Treatment - Cleveland Clinic"", ""url"": ""https://my.clevelandclinic.org/health/diseases/16638-e-coli-infection""}, {""favicon"": null, ""id"": ""https://en.wikipedia.org/wiki/Escherichia_coli"", ""image"": null, ""publishedDate"": null, ""score"": null, ""snippet"": ""The bacterium grows massively in fresh fecal matter under aerobic conditions for three days, but its numbers decline slowly afterwards. Escherichia coli."", ""title"": ""Escherichia coli - Wikipedia"", ""url"": ""https://en.wikipedia.org/wiki/Escherichia_coli""}, {""favicon"": ""https://img.medscapestatic.com/pi/favicon/apple-touch-icon.png"", ""id"": ""https://emedicine.medscape.com/article/217485-overview"", ""image"": null, ""publishedDate"": ""2024-10-15T00:00:00.000Z"", ""score"": null, ""snippet"": ""E coli has a rapid reproduction time as low as 20 minutes in laboratory conditions, and virulence depends on what types of capsular antigens ..."", ""title"": ""Escherichia coli (E coli) Infections - Medscape Reference"", ""url"": ""https://emedicine.medscape.com/article/217485-overview""}, {""favicon"": ""https://journals.asm.org/products/asmj/releasedAssets/images/favicon/favicon-00a8fd3037d5aa92d2bdc7f904fce44a.ico"", ""id"": ""https://journals.asm.org/doi/full/10.1128/ecosalplus.esp-0003-2020"", ""image"": ""https://journals.asm.org/cms/asset/c3c812a6-6241-46ac-ae5a-74da95060066/default_cover.jpg"", ""publishedDate"": ""2020-09-25T00:00:00.000Z"", ""score"": null, ""snippet"": null, ""title"": ""Escherichia coli  Residency in the Gut of Healthy Human Adults"", ""url"": ""https://journals.asm.org/doi/full/10.1128/ecosalplus.esp-0003-2020""}, {""favicon"": ""https://journals.asm.org/products/asmj/releasedAssets/images/favicon/favicon-00a8fd3037d5aa92d2bdc7f904fce44a.ico"", ""id"": ""https://journals.asm.org/doi/10.1128/ecosalplus.esp-0003-2020"", ""image"": ""https://journals.asm.org/cms/asset/c3c812a6-6241-46ac-ae5a-74da95060066/default_cover.jpg"", ""publishedDate"": ""2020-09-25T00:00:00.000Z"", ""score"": null, ""snippet"": null, ""title"": ""Escherichia coli  Residency in the Gut of Healthy Human Adults"", ""url"": ""https://journals.asm.org/doi/10.1128/ecosalplus.esp-0003-2020""}, {""favicon"": ""https://textbookofbacteriology.net/favicon.ico"", ""id"": ""https://textbookofbacteriology.net/e.coli.html"", ""image"": null, ""publishedDate"": ""2020-01-01T00:00:00.000Z"", ""score"": null, ""snippet"": null, ""title"": ""Pathogenic E. coli"", ""url"": ""https://textbookofbacteriology.net/e.coli.html""}], ""costDollars"": {""total"": 0.005}, ""requestId"": ""cf240e38885e0c22f0360f8f049eacf9""}"
562,ploidy,exa_answer,"{""answer"": {""answer"": ""haploid"", ""confidence"": ""high"", ""reasoning"": ""Multiple sources indicate that Escherichia coli is generally considered haploid, containing a single copy of its chromosome during most of its life cycle. The abstract from SpringerLink explicitly states that most bacteria, including E. coli, are considered haploid, although the distinction can be less clear when considering cell cycle differences ([SpringerLink](https://link.springer.com/chapter/10.1007/978-1-4615-6369-3_9)).""}, ""citations"": [{""favicon"": null, ""id"": ""https://genesdev.cshlp.org/content/4/12a/2036.refs"", ""image"": null, ""publishedDate"": null, ""score"": null, ""snippet"": ""We describe a scheme for isolation of new classes of mutants in the cell cycle of Escherichia coli. The mutants were selected as resistant to camphor vapors, ..."", ""title"": ""On the bacterial cell cycle: Escherichia coli mutants with altered ploidy."", ""url"": ""https://genesdev.cshlp.org/content/4/12a/2036.refs""}, {""favicon"": ""https://cdn.vanderbilt.edu/vu-futurevu/static/img/favicons/favicon-gold-dark.png"", ""id"": ""https://researchguides.library.vanderbilt.edu/c.php?g=69346&p=816378"", ""image"": ""https://s3.amazonaws.com/libapps/accounts/14039/images/karyotype-human-female.jpg"", ""publishedDate"": null, ""score"": null, ""snippet"": ""Are humans 2N 46 or 2N 23?\nFor example, humans have 23 kinds of chromosomes (Fig. 12). This is represented by \""N=23\"". Since two versions of each kind of chromosome are present, there are a total of 46 chromosomes in human cells (i.e. 2N=46)."", ""title"": ""BSCI 1510L Literature and Stats Guide: DNA and chromosomes"", ""url"": ""https://researchguides.library.vanderbilt.edu/c.php?g=69346&p=816378""}, {""favicon"": null, ""id"": ""https://en.wikipedia.org/wiki/Escherichia"", ""image"": ""https://upload.wikimedia.org/wikipedia/commons/thumb/2/2d/Issoria_lathonia.jpg/40px-Issoria_lathonia.jpg"", ""publishedDate"": ""2025-07-19T00:00:00.000Z"", ""score"": null, ""snippet"": null, ""title"": ""Escherichia"", ""url"": ""https://en.wikipedia.org/wiki/Escherichia""}, {""favicon"": ""https://static.mendeley.com/mendeley-weblet-article/build/455/images/favicon.ico"", ""id"": ""https://mendeley.com/catalogue/244ba8c2-b5f8-3177-ac35-98fb88ca129f"", ""image"": null, ""publishedDate"": ""2018-08-01T00:00:00.000Z"", ""score"": null, ""snippet"": null, ""title"": ""Quantification of ploidy in proteobacteria revealed the existence of monoploid, (mero-)oligoploid and polyploid species"", ""url"": ""https://www.mendeley.com/catalogue/244ba8c2-b5f8-3177-ac35-98fb88ca129f""}, {""favicon"": ""https://journals.plos.org/resource/img/favicon.ico"", ""id"": ""https://journals.plos.org/plosone/article?id=10.1371%2Fjournal.pone.0016392"", ""image"": ""https://journals.plos.org/plosone/article/figure/image?id=10.1371/journal.pone.0016392.g002&size=inline"", ""publishedDate"": null, ""score"": null, ""snippet"": null, ""title"": ""Quantification of Ploidy in Proteobacteria Revealed the Existence of Monoploid, (Mero-)Oligoploid and Polyploid Species | PLOS One"", ""url"": ""https://journals.plos.org/plosone/article?id=10.1371%2Fjournal.pone.0016392""}, {""favicon"": ""https://link.springer.com/oscar-static/img/favicons/darwin/apple-touch-icon-6ef0829b9c.png"", ""id"": ""https://link.springer.com/chapter/10.1007/978-1-4615-6369-3_9?error=cookies_not_supported&code=dc5971f7-e55b-4380-a16f-4baae0a64147"", ""image"": ""https://static-content.springer.com/cover/book/978-1-4615-6369-3.jpg"", ""publishedDate"": ""2016-06-08T00:00:00.000Z"", ""score"": null, ""snippet"": null, ""title"": ""Genome Ploidy"", ""url"": ""https://link.springer.com/chapter/10.1007/978-1-4615-6369-3_9?error=cookies_not_supported&code=dc5971f7-e55b-4380-a16f-4baae0a64147""}], ""costDollars"": {""total"": 0.005}, ""requestId"": ""862e60833d1180c3ddcfa2cd5c6d7779""}"
562,genetic_manipulation_tools,exa_answer,"{""answer"": {""answer"": ""Standard practice for genetic manipulation of Escherichia coli includes gene editing techniques such as CRISPR/Cas9 and homologous recombination, as well as transformation methods like preparing competent cells and electrotransfection. Researchers commonly use selection markers, reporter systems, and expression vectors for cloning and gene expression. These tools are supported by commercial services and recent advances in genome editing, making them the standard practice in the field."", ""confidence"": ""high"", ""reasoning"": ""The search results indicate that standard practice for genetic manipulation in Escherichia coli includes the use of CRISPR/Cas9 technology and homologous recombination techniques, which are widely employed for gene editing, gene knockout, and insertion. Transformation methods such as preparing competent cells and electrotransfection are common, along with the use of selection markers, reporter systems, and expression vectors for cloning and gene expression. These tools are supported by recent research articles and commercial services that facilitate precise genome modifications in E. coli, making these techniques the current standard practice.""}, ""citations"": [{""favicon"": ""https://microbiosci.creative-biogene.com/favicon.png"", ""id"": ""https://microbiosci.creative-biogene.com/escherichia-coli-genome-editing-service.html"", ""image"": ""https://microbiosci.creative-biogene.com/images/logo.svg"", ""publishedDate"": null, ""score"": null, ""snippet"": ""Our E.coli genome editing services are based on CRISPR/Cas9 technology and homologous recombination technique. The state-of-art E.coli editing system helps you ..."", ""title"": ""Escherichia coli Genome Editing Service - Creative Biogene"", ""url"": ""https://microbiosci.creative-biogene.com/escherichia-coli-genome-editing-service.html""}, {""favicon"": ""https://www.genscript.com/images/favicon.ico?=3"", ""id"": ""https://genscript.com/the-power-of-genetically-engineered-strains-in-molecular-research.html"", ""image"": null, ""publishedDate"": ""2024-06-06T00:00:00.000Z"", ""score"": null, ""snippet"": ""E. coli is a widely used host for cloning, expression, and DNA manipulation in molecular biology. The development of competent E. coli strains, ..."", ""title"": ""The Power of Genetically Engineered Strains in Molecular Research"", ""url"": ""https://www.genscript.com/the-power-of-genetically-engineered-strains-in-molecular-research.html""}, {""favicon"": ""https://journals.asm.org/products/asmj/releasedAssets/images/favicon/favicon-00a8fd3037d5aa92d2bdc7f904fce44a.ico"", ""id"": ""https://journals.asm.org/doi/10.1128/mbio.01877-18"", ""image"": ""https://journals.asm.org/cms/asset/45cf897b-53f0-45ef-863f-53553ca53ec2/mbio.2018.9.issue-5.largecover.jpg"", ""publishedDate"": null, ""score"": null, ""snippet"": ""The innovations that we introduce enhance the flexibility of conventional genetic techniques, making it easier to manipulate many different bacterial isolates ..."", ""title"": ""Modernized Tools for Streamlined Genetic Manipulation and ..."", ""url"": ""https://journals.asm.org/doi/10.1128/mbio.01877-18""}, {""favicon"": ""https://bitesizebio.com/wp-content/uploads/2024/06/cropped-cropped-bsb-large-roundel-32x32.png"", ""id"": ""https://bitesizebio.com/30630/choosing-right-e-coli-strain"", ""image"": ""https://bitesizebio.com/wp-content/uploads/2016/09/3256354319_55cf4b1f07_z1.jpg"", ""publishedDate"": ""2025-05-21T00:00:00.000Z"", ""score"": null, ""snippet"": ""Cloning, purifying, and expressing modified genetic material is routinely done in microbes such as Escherichia coli (E.coli)."", ""title"": ""Choosing the Right E. coli Strain for Transformation - Bitesize Bio"", ""url"": ""https://bitesizebio.com/30630/choosing-right-e-coli-strain""}, {""favicon"": ""https://blog.addgene.org/hubfs/addgene-favicon.png"", ""id"": ""https://blog.addgene.org/plasmids-101-common-lab-e-coli-strains"", ""image"": ""https://blog.addgene.org/hs-fs/file-471842267-jpg/1_14_to_3_14/Bacterial_Plate.jpg"", ""publishedDate"": ""2014-11-07T00:00:00.000Z"", ""score"": null, ""snippet"": ""The majority of all common, commercial lab strains of E. coli used today are descended from two individual isolates, the K-12 strain and the B strain."", ""title"": ""Plasmids 101: Common Lab E. coli Strains - Addgene Blog"", ""url"": ""https://blog.addgene.org/plasmids-101-common-lab-e-coli-strains""}, {""favicon"": ""https://journals.plos.org/resource/img/favicon.ico"", ""id"": ""https://journals.plos.org/plosone/article?id=10.1371%2Fjournal.pone.0136963"", ""image"": ""https://journals.plos.org/plosone/article/figure/image?id=10.1371/journal.pone.0136963.g006&size=inline"", ""publishedDate"": null, ""score"": null, ""snippet"": null, ""title"": ""An Integrated System for Precise Genome Modification in Escherichia coli | PLOS One"", ""url"": ""https://journals.plos.org/plosone/article?id=10.1371%2Fjournal.pone.0136963""}, {""favicon"": null, ""id"": ""https://mdpi-res.com/d_attachment/microorganisms/microorganisms-10-01835/article_deploy/microorganisms-10-01835.pdf?version=1663151024"", ""image"": null, ""publishedDate"": ""2022-09-14T00:00:00.000Z"", ""score"": null, ""snippet"": null, ""title"": ""Past, Present, and Future of Genome Modification in Escherichia coli"", ""url"": ""https://mdpi-res.com/d_attachment/microorganisms/microorganisms-10-01835/article_deploy/microorganisms-10-01835.pdf?version=1663151024""}, {""favicon"": ""https://link.springer.com/oscar-static/img/favicons/darwin/apple-touch-icon-92e819bf8a.png"", ""id"": ""https://link.springer.com/article/10.1007/s12223-011-0035-z?error=cookies_not_supported&code=2c423f44-cee1-47e9-8948-8c7d7e16cee1"", ""image"": ""https://static-content.springer.com/image/art%3A10.1007%2Fs12223-011-0035-z/MediaObjects/12223_2011_35_Fig1_HTML.gif"", ""publishedDate"": ""2011-05-26T00:00:00.000Z"", ""score"": null, ""snippet"": null, ""title"": ""Gene replacement techniques for  Escherichia coli  genome modification"", ""url"": ""https://link.springer.com/article/10.1007/s12223-011-0035-z?error=cookies_not_supported&code=2c423f44-cee1-47e9-8948-8c7d7e16cee1""}], ""costDollars"": {""total"": 0.005}, ""requestId"": ""eeb8ef58ab0a32edf18c1968d573391f""}"
562,genetic_manipulation_available,exa_answer,"{""answer"": {""answer"": ""yes"", ""confidence"": ""high"", ""reasoning"": ""The search results indicate that genetic manipulation tools such as homologous recombination, λ Red, and CRISPR-Cas systems are well-developed and used in Escherichia coli research. Homologous recombination has historically been a key method, and recent advances have made E. coli as amenable to genome modification as other model organisms ([Result 3](https://mdpi-res.com/d_attachment/microorganisms/microorganisms-10-01835/article_deploy/microorganisms-10-01835.pdf)). Additionally, CRISPR-based techniques, including CRISPR-associated transposases, are emerging as efficient tools for bacterial genome engineering, further indicating that these tools are now standard practice ([Result 4](https://nature.com/articles/s41596-023-00927-3)). Transformation methods, selection markers, reporter systems, and cloning tools are also implied to be standard components of genetic manipulation in E. coli, given its status as a model organism in molecular biology.""}, ""citations"": [{""favicon"": ""https://journals.plos.org/resource/img/favicon.ico"", ""id"": ""https://journals.plos.org/plosone/article?id=10.1371%2Fjournal.pone.0136963"", ""image"": ""https://journals.plos.org/plosone/article/figure/image?id=10.1371/journal.pone.0136963.g006&size=inline"", ""publishedDate"": null, ""score"": null, ""snippet"": null, ""title"": ""An Integrated System for Precise Genome Modification in Escherichia coli | PLOS One"", ""url"": ""https://journals.plos.org/plosone/article?id=10.1371%2Fjournal.pone.0136963""}, {""favicon"": ""https://pub.mdpi-res.com/img/mask-icon-128.svg?c1c7eca266cd7013?1770645935"", ""id"": ""https://mdpi.com/2076-2607/10/9/1835"", ""image"": ""https://pub.mdpi-res.com/microorganisms/microorganisms-10-01835/article_deploy/html/images/microorganisms-10-01835-g001a-550.jpg?1663151107"", ""publishedDate"": ""2022-09-14T23:19:05.000Z"", ""score"": null, ""snippet"": null, ""title"": ""Past, Present, and Future of Genome Modification in  Escherichia coli"", ""url"": ""https://www.mdpi.com/2076-2607/10/9/1835""}, {""favicon"": null, ""id"": ""https://mdpi-res.com/d_attachment/microorganisms/microorganisms-10-01835/article_deploy/microorganisms-10-01835.pdf?version=1663151024"", ""image"": null, ""publishedDate"": ""2022-09-14T00:00:00.000Z"", ""score"": null, ""snippet"": null, ""title"": ""Past, Present, and Future of Genome Modification in Escherichia coli"", ""url"": ""https://mdpi-res.com/d_attachment/microorganisms/microorganisms-10-01835/article_deploy/microorganisms-10-01835.pdf?version=1663151024""}, {""favicon"": ""https://nature.com/static/images/favicons/nature/apple-touch-icon-f39cb19454.png"", ""id"": ""https://nature.com/articles/s41596-023-00927-3"", ""image"": ""https://media.springernature.com/m685/springer-static/image/art%3A10.1038%2Fs41596-023-00927-3/MediaObjects/41596_2023_927_Fig1_HTML.png"", ""publishedDate"": ""2024-01-12T00:00:00.000Z"", ""score"": null, ""snippet"": null, ""title"": ""Bacterial genome engineering using CRISPR-associated transposases | Nature Protocols"", ""url"": ""http://www.nature.com/articles/s41596-023-00927-3""}], ""costDollars"": {""total"": 0.005}, ""requestId"": ""97b18415d3faacfacbd1571f60104ef0""}"
562,crispr,exa_answer,"{""answer"": {""answer"": ""no"", ""confidence"": ""high"", ""reasoning"": ""CRISPR gene editing in Escherichia coli has been demonstrated in multiple research studies and is actively used in laboratory protocols, but it is not yet considered a universally standard practice across all laboratories. The presence of recent research articles and protocol validations indicates it is a common and effective method in research settings, yet it may not be universally adopted as standard practice in all contexts.""}, ""citations"": [{""favicon"": null, ""id"": ""https://sciencebuddies.org/science-fair-projects/project-ideas/BioChem_p048/biotechnology-techniques/CRISPR-gene-editing-Ecoli"", ""image"": ""https://www.sciencebuddies.org/p3V9t7rF1lMbXle_baqF37pFt7Q=/400x250/-/https/www.sciencebuddies.org/cdn/Files/15737/8/Cas9_Anders_DNA_bound_structure.png"", ""publishedDate"": null, ""score"": null, ""snippet"": ""Specifically, you will use CRISPR to modify the genetic DNA of Escherichia coli so that it becomes streptomycin-resistant. Streptomycin is an antibiotic that ..."", ""title"": ""CRISPR Gene Editing of Escherichia coli - Science Buddies"", ""url"": ""https://www.sciencebuddies.org/science-fair-projects/project-ideas/BioChem_p048/biotechnology-techniques/CRISPR-gene-editing-Ecoli""}, {""favicon"": ""https://blog.addgene.org/hubfs/addgene-favicon.png"", ""id"": ""https://blog.addgene.org/crispr-methods-for-bacterial-genome-engineering"", ""image"": ""https://blog.addgene.org/hubfs/1_16-3_16/2_26_2016_Bacterial_CRISPR/Bacterial_CRISPR_Schematic.png"", ""publishedDate"": ""2020-09-28T00:00:00.000Z"", ""score"": null, ""snippet"": ""Stanley Qi's lab demonstrated that a minimal, regulatable CRISPR system effectively silenced transcription of one or more genes in E. coli. and ..."", ""title"": ""Genome Engineering, CRISPRa, CRISPRi, Base Editing, and More"", ""url"": ""https://blog.addgene.org/crispr-methods-for-bacterial-genome-engineering""}, {""favicon"": ""https://vcresearch.berkeley.edu/themes/custom/vcr2/favicon.ico"", ""id"": ""https://vcresearch.berkeley.edu/faculty/jennifer-doudna"", ""image"": ""https://vcresearch.berkeley.edu/themes/custom/vcr/assets/images/ucb-logo-blue.svg"", ""publishedDate"": null, ""score"": null, ""snippet"": ""Who won the Nobel Prize for Crispr gene editing?\nThe Nobel Prize in Chemistry was jointly awarded on Wednesday to Emmanuelle Charpentier and UC Berkeley professor Jennifer A. Doudna for their work on Crispr-Cas9, a method to edit DNA. The announcement marks the first time the award has gone to two women."", ""title"": ""Jennifer A. Doudna - UC Berkeley Research"", ""url"": ""https://vcresearch.berkeley.edu/faculty/jennifer-doudna""}, {""favicon"": ""https://microbialcellfactories.biomedcentral.com/oscar-static/img/favicons/darwin/apple-touch-icon-6ef0829b9c.png"", ""id"": ""https://microbialcellfactories.biomedcentral.com/articles/10.1186/s12934-017-0681-1"", ""image"": ""https://static-content.springer.com/image/art%3A10.1186%2Fs12934-017-0681-1/MediaObjects/12934_2017_681_Fig1_HTML.gif"", ""publishedDate"": ""2017-04-24T00:00:00.000Z"", ""score"": null, ""snippet"": null, ""title"": ""Large scale validation of an efficient CRISPR/Cas-based multi gene editing protocol in Escherichia coli | Microbial Cell Factories | Springer Nature Link"", ""url"": ""https://microbialcellfactories.biomedcentral.com/articles/10.1186/s12934-017-0681-1""}, {""favicon"": ""https://link.springer.com/oscar-static/img/favicons/darwin/apple-touch-icon-6ef0829b9c.png"", ""id"": ""https://link.springer.com/article/10.1186/s12934-022-01746-z"", ""image"": ""https://static-content.springer.com/image/art%3A10.1186%2Fs12934-022-01746-z/MediaObjects/12934_2022_1746_Fig1_HTML.png"", ""publishedDate"": ""2022-02-05T00:00:00.000Z"", ""score"": null, ""snippet"": null, ""title"": ""Metabolic engineering of Escherichia coli BL21 strain using simplified CRISPR-Cas9 and asymmetric homology arms recombineering | Microbial Cell Factories | Springer Nature Link"", ""url"": ""https://link.springer.com/article/10.1186/s12934-022-01746-z""}, {""favicon"": ""https://link.springer.com/oscar-static/img/favicons/darwin/apple-touch-icon-6ef0829b9c.png"", ""id"": ""https://link.springer.com/article/10.1186/s12934-016-0605-5"", ""image"": ""https://static-content.springer.com/image/art%3A10.1186%2Fs12934-016-0605-5/MediaObjects/12934_2016_605_Fig1_HTML.gif"", ""publishedDate"": ""2016-12-01T00:00:00.000Z"", ""score"": null, ""snippet"": null, ""title"": ""Development of a fast and easy method for  Escherichia coli  genome editing with CRISPR/Cas9"", ""url"": ""https://link.springer.com/article/10.1186/s12934-016-0605-5""}], ""costDollars"": {""total"": 0.005}, ""requestId"": ""3bf046c47ace4041e39dbd45b2f99457""}"
562,gfp,exa_answer,"{""answer"": {""answer"": ""yes"", ""confidence"": ""high"", ""reasoning"": ""Multiple sources confirm that GFP (Green Fluorescent Protein) is widely used as a reporter in Escherichia coli. Specifically, the 2000 study demonstrates its use for protein localization, and the 2006 study highlights its application for screening stationary-phase promoters, indicating its common usage in E. coli research ([journals.asm.org](https://journals.asm.org/doi/10.1128/jb.182.14.4068-4076.2000), [springer.com](https://link.springer.com/article/10.1007/s00253-005-0060-4)).""}, ""citations"": [{""favicon"": ""https://journals.asm.org/products/asmj/releasedAssets/images/favicon/favicon-00a8fd3037d5aa92d2bdc7f904fce44a.ico"", ""id"": ""https://journals.asm.org/doi/10.1128/jb.182.14.4068-4076.2000"", ""image"": ""https://journals.asm.org/cms/asset/e1be3d88-3a5f-4fb6-99af-71b766ce5667/jb.2000.182.issue-14.cover.gif"", ""publishedDate"": ""2000-07-15T00:00:00.000Z"", ""score"": null, ""snippet"": null, ""title"": ""Green Fluorescent Protein Functions as a Reporter for Protein Localization in  Escherichia coli"", ""url"": ""https://journals.asm.org/doi/10.1128/jb.182.14.4068-4076.2000""}, {""favicon"": ""https://link.springer.com/oscar-static/img/favicons/darwin/apple-touch-icon-6ef0829b9c.png"", ""id"": ""https://link.springer.com/article/10.1007/s00253-005-0060-4"", ""image"": ""https://static-content.springer.com/image/art%3A10.1007%2Fs00253-005-0060-4/MediaObjects/253_2005_60_Fig1_HTML.gif"", ""publishedDate"": ""2006-03-01T00:00:00.000Z"", ""score"": null, ""snippet"": null, ""title"": ""A rapid reporter system using GFP as a reporter protein for identification and screening of synthetic stationary-phase promoters in  Escherichia coli"", ""url"": ""https://link.springer.com/article/10.1007/s00253-005-0060-4""}, {""favicon"": ""https://microbialcellfactories.biomedcentral.com/oscar-static/img/favicons/darwin/apple-touch-icon-6ef0829b9c.png"", ""id"": ""https://microbialcellfactories.biomedcentral.com/articles/10.1186/s12934-018-0999-3"", ""image"": ""https://static-content.springer.com/image/art%3A10.1186%2Fs12934-018-0999-3/MediaObjects/12934_2018_999_Fig1_HTML.png"", ""publishedDate"": ""2018-09-21T00:00:00.000Z"", ""score"": null, ""snippet"": null, ""title"": ""Evaluation of GFP reporter utility for analysis of transcriptional slippage during gene expression | Microbial Cell Factories | Springer Nature Link"", ""url"": ""https://microbialcellfactories.biomedcentral.com/articles/10.1186/s12934-018-0999-3""}, {""favicon"": ""https://en.wikipedia.com/static/apple-touch/wikipedia.png"", ""id"": ""https://en.wikipedia.com/wiki/Reporter_gene"", ""image"": ""https://upload.wikimedia.org/wikipedia/commons/4/46/Reporter_gene.png"", ""publishedDate"": ""2003-10-15T05:52:46.000Z"", ""score"": null, ""snippet"": null, ""title"": ""Reporter gene - Wikipedia"", ""url"": ""https://en.wikipedia.com/wiki/Reporter_gene""}], ""costDollars"": {""total"": 0.005}, ""requestId"": ""2360a1be7920631d526b4901ea8f4783""}"
562,rnai,exa_answer,"{""answer"": {""answer"": ""no"", ""confidence"": ""medium"", ""reasoning"": ""RNA interference (RNAi) is a defense mechanism in eukaryotic cells triggered by double-stranded RNA (dsRNA). The search results indicate that while dsRNA can be produced and utilized in E. coli for gene silencing or RNA interference purposes, RNAi itself is not described as a standard practice in E. coli, which is a prokaryote and does not naturally perform RNAi. Instead, E. coli is often used to produce dsRNA or artificial small RNAs for gene silencing in other organisms or for experimental purposes ([Result 1](https://pmc.ncbi.nlm.nih.gov/articles/PMC11375590), [Result 3](https://experiments.springernature.com/articles/10.1007/978-1-0716-1499-0_17)).""}, ""citations"": [{""favicon"": ""https://cdn.ncbi.nlm.nih.gov/pmc/pd-medc-pmc-cloudpmc-viewer/production/a2b04810/var/data/static/img/favicons/apple-touch-icon.png"", ""id"": ""https://pmc.ncbi.nlm.nih.gov/articles/PMC11375590"", ""image"": null, ""publishedDate"": null, ""score"": null, ""snippet"": ""RNA interference (RNAi) is a defense system present in eukaryotic cells. This mechanism is triggered by the entry of double-stranded RNA (dsRNA) molecules ..."", ""title"": ""Optimizing dsRNA engineering strategies and production in E. coli ..."", ""url"": ""https://pmc.ncbi.nlm.nih.gov/articles/PMC11375590""}, {""favicon"": ""https://experiments.springernature.com/assets/images/ed57f42bd2b7e21c03bd511dc4bb5ac3-favicon.ico"", ""id"": ""https://experiments.springernature.com/articles/10.1007/978-1-0716-1499-0_17"", ""image"": ""https://experiments.springernature.com/assets/images/experiments_social.png"", ""publishedDate"": null, ""score"": null, ""snippet"": null, ""title"": ""An Effective Method for Specific Gene Silencing in Escherichia coli Using Artificial Small RNA | Springer Nature Experiments"", ""url"": ""https://experiments.springernature.com/articles/10.1007/978-1-0716-1499-0_17""}, {""favicon"": ""https://oup.silverchair-cdn.com/UI/app/img/v-638533763858968905/apple-touch-icon.png"", ""id"": ""https://academic.oup.com/nar/article/26/11/2715/1131743"", ""image"": ""https://oup.silverchair-cdn.com/oup/backfile/Content_public/Journal/nar/26/11/10.1093/nar/26.11.2715/2/m_26-11-2715-tbl001.jpeg?Expires=1781249066&Signature=xMqu13O-Y7YrAdZ3cS3GXHL4M5Yto3D594zcOf1aWUs~AgoSwdJyw~F3hIGNbhsBqf0qsxegGE95rwtxfYrtR6E4RfEu5Yezzqi0fwoz-l4yLZl7lEFR5M4hytum8GZiHu0nJwSHqgrd4Y~BzXJwNeR4Gz1tv1cSTg~B6qDadAd8Ts~2aZzXBKRRcVlgMUl2JxkIEaI5dLCsjkDUcuCpyQmpm4-jZ6QvJOG3RpgdxJAeCniLUnWSXQTqQbB9T6OuS~HLZTUx8Px0K5IQWeUy8lGROnKwkW9t8iJu4DDF8hioMfYzR~5s4gPswymNgFXrN7~kL3~gtKtjyt1Sc6U9QA__&Key-Pair-Id=APKAIE5G5CRDK6RD3PGA"", ""publishedDate"": null, ""score"": null, ""snippet"": ""In this system, E.coli cells carry an assay plasmid that includes a gene (aadA) encoding resistance to the growth-inhibitory antibiotic spectinomycin (Sp)."", ""title"": ""Selection and characterization of RNAs that relieve transcriptional ..."", ""url"": ""https://academic.oup.com/nar/article/26/11/2715/1131743""}, {""favicon"": ""https://experiments.springernature.com/assets/images/ed57f42bd2b7e21c03bd511dc4bb5ac3-favicon.ico"", ""id"": ""https://experiments.springernature.com/articles/10.1007/978-1-0716-3702-9_9"", ""image"": ""https://experiments.springernature.com/assets/images/experiments_social.png"", ""publishedDate"": null, ""score"": null, ""snippet"": null, ""title"": ""Inducible Expression of dsRNA in Escherichia coli | Springer Nature Experiments"", ""url"": ""https://experiments.springernature.com/articles/10.1007/978-1-0716-3702-9_9""}, {""favicon"": null, ""id"": ""https://faculty.buffalostate.edu/wadswogj/courses/450/RNAi Feeding Timmons.pdf"", ""image"": null, ""publishedDate"": ""2001-02-14T00:00:00.000Z"", ""score"": null, ""snippet"": null, ""title"": """", ""url"": ""https://faculty.buffalostate.edu/wadswogj/courses/450/RNAi Feeding Timmons.pdf""}, {""favicon"": null, ""id"": ""https://rnajournal.cshlp.org/content/15/5/984.full"", ""image"": null, ""publishedDate"": null, ""score"": null, ""snippet"": null, ""title"": ""E. coli RNase III(E38A) generates discrete-sized products from long dsRNA"", ""url"": ""https://rnajournal.cshlp.org/content/15/5/984.full""}], ""costDollars"": {""total"": 0.005}, ""requestId"": ""292456698e2cdf45ea27329ac435f140""}"
562,transformation,exa_answer,"{""answer"": {""answer"": ""yes"", ""confidence"": ""high"", ""reasoning"": ""The search results indicate that chemical transformation is a highly efficient and commonly used method for transforming Escherichia coli, as described in the Hanahan method, and that electroporation is also a standard practice supported by recent protocols. Both methods are well-established and routinely employed in molecular biology laboratories ([cshprotocols.cshlp.org](https://cshprotocols.cshlp.org)).""}, ""citations"": [{""favicon"": null, ""id"": ""https://cshprotocols.cshlp.org/content/2018/3/pdb.prot101188"", ""image"": ""https://cshprotocols.cshlp.org/local/img/journal_logo.gif"", ""publishedDate"": ""2018-03-01T00:00:00.000Z"", ""score"": null, ""snippet"": null, ""title"": ""The Hanahan Method for Preparation and Transformation of Competent Escherichia coli: High-Efficiency Transformation"", ""url"": ""https://cshprotocols.cshlp.org/content/2018/3/pdb.prot101188""}, {""favicon"": null, ""id"": ""https://cshprotocols.cshlp.org/content/2020/6/pdb.prot101220"", ""image"": null, ""publishedDate"": ""2020-06-01T00:00:00.000Z"", ""score"": null, ""snippet"": null, ""title"": ""Transformation of  Escherichia coli  by Electroporation"", ""url"": ""https://cshprotocols.cshlp.org/content/2020/6/pdb.prot101220""}, {""favicon"": null, ""id"": ""https://cshprotocols.cshlp.org/cgi/content/abstract/2020/6/pdb.prot101220"", ""image"": ""https://cshprotocols.cshlp.org/local/img/journal_logo.gif"", ""publishedDate"": null, ""score"": null, ""snippet"": null, ""title"": ""Transformation of Escherichia coli by Electroporation"", ""url"": ""https://cshprotocols.cshlp.org/cgi/content/abstract/2020/6/pdb.prot101220""}, {""favicon"": null, ""id"": ""https://asm.org/asm/media/protocol-images/transformation-of-escherichia-coli-made-competent-by-calcium-chloride-protocol.pdf?ext=.pdf"", ""image"": null, ""publishedDate"": ""2016-03-30T00:00:00.000Z"", ""score"": null, ""snippet"": null, ""title"": """", ""url"": ""https://asm.org/asm/media/protocol-images/transformation-of-escherichia-coli-made-competent-by-calcium-chloride-protocol.pdf?ext=.pdf""}, {""favicon"": ""https://a.mtstatic.com/@public/production/site_4463/1474922675-apple-touch-icon.png"", ""id"": ""https://bio.libretexts.org/Courses/West_Los_Angeles_College/Biotechnology/13:_Biotechnology_Lab_Protocols/13.06:_Lab_Technique_-_Bacterial_Transformation"", ""image"": ""https://a.mtstatic.com/@public/production/site_4463/1641605944-social-share.png"", ""publishedDate"": ""2024-07-30T23:25:12.000Z"", ""score"": null, ""snippet"": null, ""title"": ""13.6: Lab Technique - Bacterial Transformation - Biology LibreTexts"", ""url"": ""https://bio.libretexts.org/Courses/West_Los_Angeles_College/Biotechnology/13:_Biotechnology_Lab_Protocols/13.06:_Lab_Technique_-_Bacterial_Transformation""}], ""costDollars"": {""total"": 0.005}, ""requestId"": ""0bab925f05749b251bd3e82a2d359e67""}"
562,transposon,exa_answer,"{""answer"": {""answer"": ""yes"", ""confidence"": ""high"", ""reasoning"": ""The search results include multiple references to transposon systems being used for mutagenesis and gene function analysis in Escherichia coli, with some describing protocols and applications that indicate these methods are well-established and widely used in the field. The presence of recent publications and protocols from 2018 to 2024 supports that transposon systems, including insertion mutagenesis and transposon-based tools, are standard practice for E. coli research.""}, ""citations"": [{""favicon"": null, ""id"": ""https://genome.wisc.edu/resources/protocols/tnmutationprotocol.htm"", ""image"": null, ""publishedDate"": null, ""score"": null, ""snippet"": ""1. Prepare sample. Mix culture thoroughly. Transfer 20ul of culture into a 96-well plate and dilute with 80ul H2O Mix thoroughly · 2. PCR Reaction. 5 ul diluted ..."", ""title"": ""Transposon-mediated Mutagenesis Protocol - E. coli Genome Project"", ""url"": ""https://www.genome.wisc.edu/resources/protocols/tnmutationprotocol.htm""}, {""favicon"": ""https://www.nature.com/static/images/favicons/nature/apple-touch-icon-f39cb19454.png"", ""id"": ""https://nature.com/articles/s41598-024-57537-6"", ""image"": ""https://media.springernature.com/m685/springer-static/image/art%3A10.1038%2Fs41598-024-57537-6/MediaObjects/41598_2024_57537_Fig1_HTML.png"", ""publishedDate"": ""2024-03-21T00:00:00.000Z"", ""score"": null, ""snippet"": ""In this technical study, we aimed to refine the protocol by identifying key parameters that can impact the complexity of mutant libraries."", ""title"": ""Technical considerations for cost-effective transposon directed ..."", ""url"": ""https://www.nature.com/articles/s41598-024-57537-6""}, {""favicon"": null, ""id"": ""https://bobtailsquid.ink/wp-content/uploads/2020/01/Stoudenmire2019_TransposonChapter.pdf"", ""image"": null, ""publishedDate"": null, ""score"": null, ""snippet"": ""Transposon mutagenesis represents an approach for identify- ing individual gene contributions to the phenotypic characteristics of a particular microorganism."", ""title"": ""[PDF] Microbial Transposon Mutagenesis"", ""url"": ""https://bobtailsquid.ink/wp-content/uploads/2020/01/Stoudenmire2019_TransposonChapter.pdf""}, {""favicon"": ""https://static2.frontiersin.org/static-resources/tenants/frontiers/favicon_16-tenantFavicon-Frontiers.png"", ""id"": ""https://frontiersin.org/journals/microbiology/articles/10.3389/fmicb.2021.803307/full"", ""image"": ""https://images-provider.frontiersin.org/api/ipx/w=1200&f=png/https://www.frontiersin.org/files/Articles/803307/fmicb-12-803307-HTML-r1/image_m/fmicb-12-803307-g001.jpg"", ""publishedDate"": ""2022-01-16T00:00:00.000Z"", ""score"": null, ""snippet"": ""Here, we applied transposon directed insertion-site sequencing (TraDIS) to identify the genes with a role in resistance or susceptibility of E."", ""title"": ""Use of Transposon Directed Insertion-Site Sequencing to Probe the ..."", ""url"": ""https://www.frontiersin.org/journals/microbiology/articles/10.3389/fmicb.2021.803307/full""}, {""favicon"": ""https://link.springer.com/oscar-static/img/favicons/darwin/apple-touch-icon-92e819bf8a.png"", ""id"": ""https://link.springer.com/protocol/10.1007/978-1-0716-1720-5_11?error=cookies_not_supported&code=607458a7-7fed-4c6a-b04b-6f8eb9c997ba"", ""image"": ""https://static-content.springer.com/cover/book/978-1-0716-1720-5.jpg"", ""publishedDate"": ""2025-03-27T00:00:00.000Z"", ""score"": null, ""snippet"": null, ""title"": ""Analysis of  Escherichia coli  K1 Virulence Genes by Transposon-Directed Sequencing"", ""url"": ""https://link.springer.com/protocol/10.1007/978-1-0716-1720-5_11?error=cookies_not_supported&code=607458a7-7fed-4c6a-b04b-6f8eb9c997ba""}, {""favicon"": null, ""id"": ""https://frontiersin.org/articles/10.3389/fmicb.2019.00280/pdf"", ""image"": null, ""publishedDate"": ""2019-02-25T00:00:00.000Z"", ""score"": null, ""snippet"": null, ""title"": ""A Mini-ISY100 Transposon Delivery System Effective in γ Proteobacteria"", ""url"": ""https://www.frontiersin.org/articles/10.3389/fmicb.2019.00280/pdf""}, {""favicon"": null, ""id"": ""https://repository.cam.ac.uk/bitstreams/9fff2d65-8ac3-41ee-b912-74d1d225e65c/download"", ""image"": null, ""publishedDate"": ""2020-03-30T00:00:00.000Z"", ""score"": null, ""snippet"": null, ""title"": """", ""url"": ""https://www.repository.cam.ac.uk/bitstreams/9fff2d65-8ac3-41ee-b912-74d1d225e65c/download""}, {""favicon"": ""https://bmcmicrobiol.biomedcentral.com/oscar-static/img/favicons/darwin/apple-touch-icon-6ef0829b9c.png"", ""id"": ""https://bmcmicrobiol.biomedcentral.com/articles/10.1186/s12866-018-1319-0"", ""image"": ""https://static-content.springer.com/image/art%3A10.1186%2Fs12866-018-1319-0/MediaObjects/12866_2018_1319_Fig1_HTML.png"", ""publishedDate"": ""2018-10-24T00:00:00.000Z"", ""score"": null, ""snippet"": null, ""title"": ""Efficient transposon mutagenesis mediated by an IPTG-controlled conditional suicide plasmid | BMC Microbiology | Springer Nature Link"", ""url"": ""https://bmcmicrobiol.biomedcentral.com/articles/10.1186/s12866-018-1319-0""}], ""costDollars"": {""total"": 0.005}, ""requestId"": ""9cccc469130868fb3c79bb67aa57ef0a""}"
562,vector,exa_answer,"{""answer"": {""answer"": ""yes"", ""confidence"": ""high"", ""reasoning"": ""The search results indicate that vector systems, including plasmids, bacteriophages, cosmids, and bacterial artificial chromosomes, are widely used and considered standard practice for *Escherichia coli* in molecular cloning and genetic engineering ([Result 1](https://en.wikipedia.org/wiki/Cloning_vector), [Result 3](https://en.wikipedia.org/wiki/Vector_(molecular_biology)), [Result 5](https://bio.libretexts.org/Courses/Universiti_Putra_Malaysia/ESC4103_-_Environmental_Microbiology_(Universiti_Putra_Malaysia)/06:_Microbial_biotechnology/6.02:_Cloning_Techniques/6.2C:_Hosts_for_Cloning_Vectors), [Result 6](https://bio.libretexts.org/Bookshelves/Microbiology/Microbiology_(Boundless)/07:_Microbial_Genetics/7.14:_Cloning_Techniques/7.14C:_Hosts_for_Cloning_Vectors)] and are standard tools in biotechnology for gene cloning and expression.""}, ""citations"": [{""favicon"": null, ""id"": ""https://en.wikipedia.org/wiki/Cloning_vector"", ""image"": null, ""publishedDate"": null, ""score"": null, ""snippet"": null, ""title"": """", ""url"": ""https://en.wikipedia.org/wiki/Cloning_vector""}, {""favicon"": null, ""id"": ""https://en.wikipedia.org/wiki/Vector_(molecular_biology)"", ""image"": ""https://upload.wikimedia.org/wikipedia/commons/thumb/0/01/PBR322_color.svg/250px-PBR322_color.svg.png"", ""publishedDate"": null, ""score"": null, ""snippet"": null, ""title"": ""Vector (molecular biology)"", ""url"": ""https://en.wikipedia.org/wiki/Vector_(molecular_biology)""}, {""favicon"": ""https://a.mtstatic.com/@public/production/site_4463/1474922675-apple-touch-icon.png"", ""id"": ""https://bio.libretexts.org/Courses/Universiti_Putra_Malaysia/ESC4103_-_Environmental_Microbiology_(Universiti_Putra_Malaysia)/06:_Microbial_biotechnology/6.02:_Cloning_Techniques/6.2C:_Hosts_for_Cloning_Vectors"", ""image"": ""https://a.mtstatic.com/@public/production/site_4463/1641605944-social-share.png"", ""publishedDate"": ""2023-03-15T06:28:48.000Z"", ""score"": null, ""snippet"": null, ""title"": ""6.2C: Hosts for Cloning Vectors"", ""url"": ""https://bio.libretexts.org/Courses/Universiti_Putra_Malaysia/ESC4103_-_Environmental_Microbiology_(Universiti_Putra_Malaysia)/06:_Microbial_biotechnology/6.02:_Cloning_Techniques/6.2C:_Hosts_for_Cloning_Vectors""}, {""favicon"": ""https://a.mtstatic.com/@public/production/site_4463/1474922675-apple-touch-icon.png"", ""id"": ""https://bio.libretexts.org/Bookshelves/Microbiology/Microbiology_(Boundless)/07:_Microbial_Genetics/7.14:_Cloning_Techniques/7.14C:_Hosts_for_Cloning_Vectors"", ""image"": ""https://a.mtstatic.com/@public/production/site_4463/1641605944-social-share.png"", ""publishedDate"": ""2017-05-17T04:55:46.000Z"", ""score"": null, ""snippet"": null, ""title"": ""7.14C: Hosts for Cloning Vectors - Biology LibreTexts"", ""url"": ""https://bio.libretexts.org/Bookshelves/Microbiology/Microbiology_(Boundless)/07:_Microbial_Genetics/7.14:_Cloning_Techniques/7.14C:_Hosts_for_Cloning_Vectors""}, {""favicon"": null, ""id"": ""https://en.wikipedia.org/wiki/Expression_vector"", ""image"": null, ""publishedDate"": null, ""score"": null, ""snippet"": null, ""title"": ""Expression vector"", ""url"": ""https://en.wikipedia.org/wiki/Expression_vector""}, {""favicon"": ""https://link.springer.com/oscar-static/img/favicons/darwin/apple-touch-icon-92e819bf8a.png"", ""id"": ""https://link.springer.com/protocol/10.1385/0-89603-480-1:11?error=cookies_not_supported&code=c139db92-6554-419a-90be-d201e668e1e9"", ""image"": ""https://static-content.springer.com/cover/book/978-1-59259-548-8.jpg"", ""publishedDate"": ""2019-07-26T00:00:00.000Z"", ""score"": null, ""snippet"": null, ""title"": ""Designing Expression Plasmid Vectors in  E. coli"", ""url"": ""https://link.springer.com/protocol/10.1385/0-89603-480-1:11?error=cookies_not_supported&code=c139db92-6554-419a-90be-d201e668e1e9""}, {""favicon"": ""https://a.mtstatic.com/@public/production/site_4463/1474922675-apple-touch-icon.png"", ""id"": ""https://bio.libretexts.org/Bookshelves/Microbiology/Microbiology_(Boundless)/07:_Microbial_Genetics/7.12:_Tools_of_Genetic_Engineering/7.12G:_Plasmids_as_Cloning_Vectors"", ""image"": ""https://a.mtstatic.com/@public/production/site_4463/1641605944-social-share.png"", ""publishedDate"": ""2017-05-17T04:45:39.000Z"", ""score"": null, ""snippet"": null, ""title"": ""7.12G: Plasmids as Cloning Vectors"", ""url"": ""https://bio.libretexts.org/Bookshelves/Microbiology/Microbiology_(Boundless)/07:_Microbial_Genetics/7.12:_Tools_of_Genetic_Engineering/7.12G:_Plasmids_as_Cloning_Vectors""}], ""costDollars"": {""total"": 0.005}, ""requestId"": ""d4360412bf0bd2aae90e215a444ac624""}"
562,mutagenesis,exa_answer,"{""answer"": {""answer"": ""yes"", ""confidence"": ""high"", ""reasoning"": ""Multiple sources indicate that mutagenesis techniques are used in Escherichia coli research. For example, a 2004 study describes a high-throughput mutagenesis method, and a 1997 article discusses an efficient mutagenesis technique using a mutator strain, suggesting these techniques are established practices ([journals.asm.org](https://journals.asm.org/), [springer.com](https://link.springer.com))""}, ""citations"": [{""favicon"": ""https://journals.asm.org/products/asmj/releasedAssets/images/favicon/favicon-00a8fd3037d5aa92d2bdc7f904fce44a.ico"", ""id"": ""https://journals.asm.org/doi/10.1128/jb.186.15.4921-4930.2004"", ""image"": ""https://journals.asm.org/cms/asset/53c93cac-0217-43f1-9b1d-ff5da52793de/jb.2004.186.issue-15.cover.gif"", ""publishedDate"": ""2004-08-01T00:00:00.000Z"", ""score"": null, ""snippet"": null, ""title"": ""Systematic Mutagenesis of the Escherichia coli Genome | Journal of Bacteriology"", ""url"": ""https://journals.asm.org/doi/10.1128/jb.186.15.4921-4930.2004""}, {""favicon"": ""https://link.springer.com/oscar-static/img/favicons/darwin/apple-touch-icon-92e819bf8a.png"", ""id"": ""https://link.springer.com/article/10.1007/BF02761755?error=cookies_not_supported&code=a1e13bce-8381-4e62-8d2c-6d5b68042420"", ""image"": ""https://media.springernature.com/full/springer-static/cover-hires/journal/12033"", ""publishedDate"": ""1997-04-01T00:00:00.000Z"", ""score"": null, ""snippet"": null, ""title"": ""An efficient random mutagenesis technique using an E.coli  mutator strain"", ""url"": ""https://link.springer.com/article/10.1007/BF02761755?error=cookies_not_supported&code=a1e13bce-8381-4e62-8d2c-6d5b68042420""}, {""favicon"": ""https://cdn.ncbi.nlm.nih.gov/coreutils/nwds/img/favicons/favicon.ico"", ""id"": ""https://pubmed.ncbi.nlm.nih.gov/15262929"", ""image"": ""https://cdn.ncbi.nlm.nih.gov/pubmed/persistent/pubmed-meta-image-v2.jpg"", ""publishedDate"": ""2014-11-01T00:00:00.000Z"", ""score"": null, ""snippet"": null, ""title"": ""Systematic mutagenesis of the Escherichia coli genome"", ""url"": ""https://pubmed.ncbi.nlm.nih.gov/15262929""}, {""favicon"": ""https://preview-www.nature.com/static/images/favicons/nature/apple-touch-icon-f39cb19454.png"", ""id"": ""https://preview-www.nature.com/articles/ncomms9425"", ""image"": ""https://media.springernature.com/m685/springer-static/image/art%3A10.1038%2Fncomms9425/MediaObjects/41467_2015_Article_BFncomms9425_Fig1_HTML.jpg"", ""publishedDate"": ""2015-10-07T00:00:00.000Z"", ""score"": null, ""snippet"": null, ""title"": ""Development of potent in vivo mutagenesis plasmids with broad mutational spectra | Nature Communications"", ""url"": ""https://preview-www.nature.com/articles/ncomms9425""}, {""favicon"": null, ""id"": ""https://schafferlab.berkeley.edu/wp-content/uploads/2022/12/Bartel_GeneCorrection_MIMB_14.pdf"", ""image"": null, ""publishedDate"": ""2014-02-14T00:00:00.000Z"", ""score"": null, ""snippet"": null, ""title"": """", ""url"": ""https://schafferlab.berkeley.edu/wp-content/uploads/2022/12/Bartel_GeneCorrection_MIMB_14.pdf""}], ""costDollars"": {""total"": 0.005}, ""requestId"": ""e9febddda5a1288f88b99389ed25ad80""}"
562,mutant_library,exa_answer,"{""answer"": {""answer"": ""yes"", ""confidence"": ""high"", ""reasoning"": ""Multiple sources confirm that mutant libraries are utilized in Escherichia coli research. One study from Vrije Universiteit Brussel discusses the use of existing mutant libraries to construct specific mutants in E. coli strains, indicating that such libraries are indeed used and valuable in research ([researchportal.vub.be](https://researchportal.vub.be/en/publications/utilization-of-the-existing-mutant-libraries-to-construct-specifi)). Additionally, other sources describe the use of mutator strains like XL1-Red to generate random mutant libraries in E. coli, further supporting their common use ([actinobase.org](https://actinobase.org/index.php/Random_mutagenesis_using_a_mutator_strain), [springer.com](https://link.springer.com/content/pdf/10.1007/978-1-60761-652-8_29)).""}, ""citations"": [{""favicon"": ""https://researchportal.vub.be/skin/favIcon/"", ""id"": ""https://researchportal.vub.be/en/publications/utilization-of-the-existing-mutant-libraries-to-construct-specifi"", ""image"": ""https://researchportal.vub.be/skin/headerImage/"", ""publishedDate"": null, ""score"": null, ""snippet"": null, ""title"": ""Utilization of the existing mutant libraries to construct specific mutants in Escherichia coli strains\n      -  Vrije Universiteit Brussel"", ""url"": ""https://researchportal.vub.be/en/publications/utilization-of-the-existing-mutant-libraries-to-construct-specifi""}, {""favicon"": ""https://actinobase.org/favicon.ico"", ""id"": ""https://actinobase.org/index.php/Random_mutagenesis_using_a_mutator_strain"", ""image"": null, ""publishedDate"": null, ""score"": null, ""snippet"": null, ""title"": ""Random mutagenesis using a mutator strain - ActinoBase"", ""url"": ""https://actinobase.org/index.php/Random_mutagenesis_using_a_mutator_strain""}, {""favicon"": ""https://experiments.springernature.com/assets/images/ed57f42bd2b7e21c03bd511dc4bb5ac3-favicon.ico"", ""id"": ""https://experiments.springernature.com/articles/10.1007/978-1-60761-652-8_29"", ""image"": ""https://experiments.springernature.com/assets/images/experiments_social.png"", ""publishedDate"": null, ""score"": null, ""snippet"": null, ""title"": ""Random Mutagenesis Using a Mutator Strain | Springer Nature Experiments"", ""url"": ""https://experiments.springernature.com/articles/10.1007/978-1-60761-652-8_29""}], ""costDollars"": {""total"": 0.005}, ""requestId"": ""18c5f9e3aa51ed0884b1546c567a56f1""}"
562,imaging,exa_answer,"{""answer"": {""answer"": ""Standard imaging techniques for Escherichia coli include fluorescence-based imaging methods such as fluorescence microscopy using fluorescent markers like GFP for in vivo and in vitro visualization. Whole-body imaging of GFP-expressing bacteria allows tracking bacterial distribution within hosts ([Result 1](https://journals.asm.org/doi/10.1128/mmbr.00008-20), [Result 4](https://preview-www.nature.com/articles/nprot.2006.376)). Immunolabeling of proteins in situ in E. coli is also employed for detailed protein localization studies ([Result 2](https://bio-protocol.org/en/bpdetail?id=852&type=0)). These approaches enable detailed visualization of bacterial localization, infection processes, and cellular interactions."", ""confidence"": ""high"", ""reasoning"": ""The search results indicate that standard imaging techniques for Escherichia coli include fluorescence-based imaging methods, such as using GFP (green fluorescent protein) to visualize bacteria in vivo, as well as immunolabeling techniques for protein localization. Fluorescence imaging, including whole-body imaging of GFP-expressing bacteria, is a common approach for tracking bacterial distribution and infection processes ([Result 1](https://journals.asm.org/doi/10.1128/mmbr.00008-20), [Result 4](https://preview-www.nature.com/articles/nprot.2006.376)). Microscopy methods like fluorescence microscopy are implied, especially with the use of fluorescent markers like GFP, which allow visualization of bacteria within tissues or cells ([Result 3](https://ecevr.org/search.php?code=9995CEVR&id=10.7774%2Fcevr.2012.1.1.83)). Immunolabeling techniques are also used for in situ protein localization in E. coli ([Result 2](https://bio-protocol.org/en/bpdetail?id=852&type=0)). Overall, fluorescence microscopy with markers like GFP and immunolabeling are standard visualization approaches for E. coli.""}, ""citations"": [{""favicon"": ""https://bio-protocol.org/favicon.ico"", ""id"": ""https://bio-protocol.org/en/bpdetail?id=852&type=0"", ""image"": ""https://cdn.bio-protocol.org/forum/fe/static/share_logo.png"", ""publishedDate"": ""2013-08-05T00:00:00.000Z"", ""score"": null, ""snippet"": null, ""title"": ""Immunolabeling of Proteins  in situ  in  Escherichia coli  K12 Strains"", ""url"": ""https://bio-protocol.org/en/bpdetail?id=852&type=0""}, {""favicon"": ""https://preview-www.nature.com/static/images/favicons/nature/apple-touch-icon-f39cb19454.png"", ""id"": ""https://preview-www.nature.com/articles/nprot.2006.376"", ""image"": ""https://media.springernature.com/m685/springer-static/image/art%3A10.1038%2Fnprot.2006.376/MediaObjects/41596_2006_Article_BFnprot2006376_Fig1_HTML.jpg"", ""publishedDate"": ""2007-01-25T00:00:00.000Z"", ""score"": null, ""snippet"": null, ""title"": ""Whole-body imaging of bacterial infection and antibiotic response | Nature Protocols"", ""url"": ""https://preview-www.nature.com/articles/nprot.2006.376""}, {""favicon"": ""https://journals.asm.org/products/asmj/releasedAssets/images/favicon/favicon-00a8fd3037d5aa92d2bdc7f904fce44a.ico"", ""id"": ""https://journals.asm.org/doi/10.1128/mmbr.00008-20?cookieSet=1"", ""image"": ""https://journals.asm.org/cms/asset/132b8c97-8e90-4c1b-896c-a5bb5981c694/mmbr.2020.84.issue-4.cover.gif"", ""publishedDate"": ""2020-10-28T00:00:00.000Z"", ""score"": null, ""snippet"": null, ""title"": ""Bacterial Vivisection: How Fluorescence-Based Imaging Techniques Shed a Light on the Inner Workings of Bacteria"", ""url"": ""https://journals.asm.org/doi/10.1128/mmbr.00008-20?cookieSet=1""}, {""favicon"": null, ""id"": ""https://ecevr.org/search.php?code=9995CEVR&id=10.7774%2Fcevr.2012.1.1.83&vmode=PUBREADER&where=aview"", ""image"": null, ""publishedDate"": null, ""score"": null, ""snippet"": null, ""title"": ""GFP-tagged E. coli shows bacterial distribution in mouse organs: pathogen tracking using fluorescence signal"", ""url"": ""https://ecevr.org/search.php?code=9995CEVR&id=10.7774%2Fcevr.2012.1.1.83&vmode=PUBREADER&where=aview""}, {""favicon"": null, ""id"": ""https://journals.plos.org/plosbiology/article/file?id=10.1371%2Fjournal.pbio.3003366&type=printable"", ""image"": null, ""publishedDate"": ""2025-08-29T00:00:00.000Z"", ""score"": null, ""snippet"": null, ""title"": ""Uropathogenic Escherichia coli proliferate as a coccoid morphotype inside human host cells"", ""url"": ""https://journals.plos.org/plosbiology/article/file?id=10.1371%2Fjournal.pbio.3003366&type=printable""}], ""costDollars"": {""total"": 0.005}, ""requestId"": ""0b94ffb1777c9dc7be4655850652db9e""}"
562,phenotype_screening,exa_answer,"{""answer"": {""answer"": ""yes"", ""confidence"": ""high"", ""reasoning"": ""The search results indicate that phenotype screening and analysis methods are actively used in research involving Escherichia coli, such as in phenotype inference studies and high-throughput colony phenotyping protocols. These methods are employed in experimental and computational approaches, suggesting they are standard practices in current research contexts ([PMC](https://pmc.ncbi.nlm.nih.gov/articles/PMC5745082), [elifesciences](https://elifesciences.org/articles/31035), [researchsquare](https://assets-eu.researchsquare.com/files/rs-401914/v1/18b50863-2cfc-442b-b065-c93e37d7e6e6.pdf)).""}, ""citations"": [{""favicon"": ""https://cdn.ncbi.nlm.nih.gov/pmc/pd-medc-pmc-cloudpmc-viewer/production/8a2a0396/var/data/static/img/favicons/apple-touch-icon.png"", ""id"": ""https://pmc.ncbi.nlm.nih.gov/articles/PMC5745082"", ""image"": null, ""publishedDate"": null, ""score"": null, ""snippet"": ""We have assembled a large genetic reference panel of 894 E. coli strains able to capture the genetic and phenotypic diversity of the species. These are broadly ..."", ""title"": ""Phenotype inference in an Escherichia coli strain panel - PMC - NIH"", ""url"": ""https://pmc.ncbi.nlm.nih.gov/articles/PMC5745082""}, {""favicon"": ""https://elifesciences.org/assets/favicons/apple-touch-icon-57x57.c2b7763c.png"", ""id"": ""https://elifesciences.org/articles/31035"", ""image"": ""https://elifesciences.org/assets/images/social/icon-600x600@1.52e87ee6.png"", ""publishedDate"": ""2017-12-27T23:12:52.000Z"", ""score"": null, ""snippet"": null, ""title"": ""Phenotype inference in an Escherichia coli strain panel | eLife"", ""url"": ""https://elifesciences.org/articles/31035""}, {""favicon"": ""https://thermofisher.com/favicon.ico"", ""id"": ""https://thermofisher.com/us/en/home/life-science/cloning/cloning-learning-center/invitrogen-school-of-molecular-biology/molecular-cloning/transformation/competent-cell-genotypes-genetic-markers.html"", ""image"": ""https://www.thermofisher.com/content/dam/LifeTech/migration/en/images/ics-organized/applications/cloning/OG_Electroporation cuvettes.jpg"", ""publishedDate"": null, ""score"": null, ""snippet"": ""Learn about the common strains of competent E. coli cells used in molecular cloning. Gain an understanding on how to recognize phenotypes from genotypes."", ""title"": ""Genotypes and Genetic Markers of Competent E. coli Cells"", ""url"": ""https://www.thermofisher.com/us/en/home/life-science/cloning/cloning-learning-center/invitrogen-school-of-molecular-biology/molecular-cloning/transformation/competent-cell-genotypes-genetic-markers.html""}, {""favicon"": ""https://elifesciences.org/assets/favicons/apple-touch-icon-57x57.c2b7763c.png"", ""id"": ""https://elifesciences.org/articles/31035/figures"", ""image"": ""https://elifesciences.org/assets/images/social/icon-600x600@1.52e87ee6.png"", ""publishedDate"": ""2017-12-27T11:35:06.000Z"", ""score"": null, ""snippet"": null, ""title"": ""Phenotype inference in an  Escherichia coli  strain panel"", ""url"": ""https://elifesciences.org/articles/31035/figures""}, {""favicon"": null, ""id"": ""https://assets-eu.researchsquare.com/files/rs-401914/v1/18b50863-2cfc-442b-b065-c93e37d7e6e6.pdf?c=1637244621"", ""image"": null, ""publishedDate"": ""2021-11-18T00:00:00.000Z"", ""score"": null, ""snippet"": null, ""title"": """", ""url"": ""https://assets-eu.researchsquare.com/files/rs-401914/v1/18b50863-2cfc-442b-b065-c93e37d7e6e6.pdf?c=1637244621""}], ""costDollars"": {""total"": 0.005}, ""requestId"": ""79bcb5a5962387b379ce352cdab1c06a""}"
559292,protocols_io,protocols_io,"{""current_page"": 1, ""protocols"": [{""title"": ""Expression and purification of ATP13A4 from Saccharomyces cerevisiae"", ""url"": ""https://www.protocols.io/view/expression-and-purification-of-atp13a4-from-saccha-dt7v6rn6""}, {""title"": ""Protocol for Generating Advanced Intercross Populations Using Ether-Zymolyase for BSA-seq in Yeast"", ""url"": ""https://www.protocols.io/view/protocol-for-generating-advanced-intercross-popula-hse6b6bhf""}, {""title"": ""Nile red staining protocol to quantify PHB in Saccharomyces cerevisiae cultivations"", ""url"": ""https://www.protocols.io/view/nile-red-staining-protocol-to-quantify-phb-in-sacc-hrfyb53px""}, {""title"": ""Rapid Yeast Transformation"", ""url"": ""https://www.protocols.io/view/rapid-yeast-transformation-g8qbzvw""}, {""title"": ""Labyrinthulomycete genome codon usage calculation code"", ""url"": ""https://www.protocols.io/view/labyrinthulomycete-genome-codon-usage-calculation-hgyb3xw""}, {""title"": ""RNA-seq Library Construction with the KAPA mRNA HyperPrep Kit"", ""url"": ""https://www.protocols.io/view/rna-seq-library-construction-with-the-kapa-mrna-hy-uueewte""}, {""title"": ""Yeast transformation"", ""url"": ""https://www.protocols.io/view/yeast-transformation-7jkhkkw""}, {""title"": ""Expressing genes in Saccharomyces cerevisiae"", ""url"": ""https://www.protocols.io/view/expressing-genes-in-saccharomyces-cerevisiae-8gchtsw""}, {""title"": ""Quantitative (q)PCR and Differential Expression Analysis"", ""url"": ""https://www.protocols.io/view/quantitative-q-pcr-and-differential-expression-ana-bbgpijvn""}, {""title"": ""Modified protocol for URA3 counter-selection at highly expressed regions of Saccharomyces cerevisiae"", ""url"": ""https://www.protocols.io/view/modified-protocol-for-ura3-counter-selection-at-hi-bf7njrme""}], ""status_code"": 200, ""total_pages"": 5, ""total_results"": 50, ""web_search_url"": ""https://www.protocols.io/search?q=Saccharomyces%20cerevisiae""}"
559292,pubmed,ncbi,"{""count"": 150076, ""search_url"": ""https://pubmed.ncbi.nlm.nih.gov/?term=%22Saccharomyces%22%20AND%20%22cerevisiae%22&sort=date&ac=yes""}"
559292,pmc,ncbi,"{""count"": 243487, ""search_url"": ""https://www.ncbi.nlm.nih.gov/pmc/?term=%22Saccharomyces%22%20AND%20%22cerevisiae%22""}"
559292,books,ncbi,"{""count"": 1635, ""search_url"": ""https://www.ncbi.nlm.nih.gov/books/?term=%22Saccharomyces%22%20AND%20%22cerevisiae%22""}"
559292,mesh,ncbi,"{""count"": 356, ""search_url"": ""https://www.ncbi.nlm.nih.gov/mesh/?term=%22Saccharomyces%22%20AND%20%22cerevisiae%22""}"
559292,nlmcatalog,ncbi,"{""count"": 253, ""search_url"": ""https://www.ncbi.nlm.nih.gov/nlmcatalog/?term=%22Saccharomyces%22%20AND%20%22cerevisiae%22""}"
559292,gene,ncbi,"{""count"": 6493, ""search_url"": ""https://www.ncbi.nlm.nih.gov/gene/?term=txid559292%5BOrganism%5D""}"
559292,gds,ncbi,"{""count"": 478, ""search_url"": ""https://www.ncbi.nlm.nih.gov/gds/?term=txid559292%5BOrganism%5D""}"
559292,geoprofiles,ncbi,"{""count"": 0, ""search_url"": ""https://www.ncbi.nlm.nih.gov/geoprofiles/?term=txid559292%5BOrganism%5D""}"
559292,protein,ncbi,"{""count"": 47945, ""search_url"": ""https://www.ncbi.nlm.nih.gov/protein/?term=txid559292%5BOrganism%5D""}"
559292,ipg,ncbi,"{""count"": 8862, ""search_url"": ""https://www.ncbi.nlm.nih.gov/ipg/?term=txid559292%5BOrganism%5D""}"
559292,cdd,ncbi,"{""count"": 3, ""search_url"": ""https://www.ncbi.nlm.nih.gov/cdd/?term=txid559292%5BOrganism%5D""}"
559292,protfam,ncbi,"{""count"": 0, ""search_url"": ""https://www.ncbi.nlm.nih.gov/protfam/?term=txid559292%5BOrganism%5D""}"
559292,structure,ncbi,"{""count"": 2684, ""search_url"": ""https://www.ncbi.nlm.nih.gov/structure/?term=txid559292%5BOrganism%5D""}"
559292,nuccore,ncbi,"{""count"": 7353, ""search_url"": ""https://www.ncbi.nlm.nih.gov/nuccore/?term=txid559292%5BOrganism%5D""}"
559292,sra,ncbi,"{""count"": 13177, ""search_url"": ""https://www.ncbi.nlm.nih.gov/sra/?term=txid559292%5BOrganism%5D""}"
559292,bioproject,ncbi,"{""count"": 181, ""search_url"": ""https://www.ncbi.nlm.nih.gov/bioproject/?term=txid559292%5BOrganism%5D""}"
559292,biosample,ncbi,"{""count"": 6485, ""search_url"": ""https://www.ncbi.nlm.nih.gov/biosample/?term=txid559292%5BOrganism%5D""}"
559292,biocollections,ncbi,"{""count"": 0, ""search_url"": ""https://www.ncbi.nlm.nih.gov/biocollections/?term=txid559292%5BOrganism%5D""}"
559292,nih_reporter,nih_reporter,"{""meta"": {""properties"": {""URL"": ""https:/reporter.nih.gov/search/SexPHdQUj0ag_bve0zbP6g/projects""}, ""total"": 18611}, ""results"": [{""award_amount"": 464176.0, ""fiscal_year"": 2026, ""is_active"": true, ""organization"": {""org_country"": ""UNITED STATES"", ""org_name"": ""UNIVERSITY OF NOTRE DAME""}, ""phr_text"": ""Project Narrative\nSand flies are the primary vectors of leishmaniasis, a global public health problem affecting millions of people. There is\nan urgent need to develop effective, environmentally safe sand fly control interventions to reduce transmission. The\nproposed research will evaluate yeast RNAi-based technologies to facilitate sand fly control."", ""principal_investigators"": [{""full_name"": ""MARY A MCDOWELL"", ""profile_id"": 1954320, ""title"": ""ASSOCIATE PROFESSOR""}], ""project_detail_url"": ""https://reporter.nih.gov/project-details/11285541"", ""project_end_date"": ""2028-03-31T00:00:00"", ""project_start_date"": ""2026-04-03T00:00:00"", ""project_title"": ""Species-specific Yeast RNAi Pesticides for Sand Fly Control""}, {""award_amount"": 565800.0, ""fiscal_year"": 2026, ""is_active"": true, ""organization"": {""org_country"": ""UNITED STATES"", ""org_name"": ""OAKLAND UNIVERSITY""}, ""phr_text"": ""PUBLIC HEALTH RELEVANCE\n Autophagy is a process that has been conserved throughout evolution and plays a crucial role\nin helping cells survive during times of stress. When this process doesn't function properly, it has\nbeen linked to various health issues such as neurodegenerative diseases, cardiovascular diseases,\nimmune system disorders, and cancer. This project utilizes a multi-omics approach to identify\nimportant factors and cellular pathways involved in autophagy, which could be targeted for\ntherapeutic treatments."", ""principal_investigators"": [{""full_name"": ""Chhabi K Govind"", ""profile_id"": 10389427, ""title"": ""PROFESSOR""}], ""project_detail_url"": ""https://reporter.nih.gov/project-details/11301265"", ""project_end_date"": ""2029-02-28T00:00:00"", ""project_start_date"": ""2026-03-01T00:00:00"", ""project_title"": ""Transcription regulation of recovery from stress""}, {""award_amount"": 416894.0, ""fiscal_year"": 2026, ""is_active"": true, ""organization"": {""org_country"": ""UNITED STATES"", ""org_name"": ""TEXAS A&M UNIVERSITY HEALTH SCIENCE CTR""}, ""phr_text"": ""PROJECT NARRATIVE:\nSpatial and temporal control of gene expression in species relevant to human health is essential\nfor understanding gene function and manipulating their expressing in specific cell types.\nDrosophila melanogaster has been pivotal in developing bimodal expression systems, including\nthe Q-system, and with the incorporation of CRISPR/Cas-9, these systems have gained\nadditional relevance as transgenesis can now be applied to a wide range of animal species.\nThis application will re-engineer the current Q-system in Drosophila to render the need of drug\nadministration unnecessary and add a timing dimension that was previously lacking, test and\nvalidate it in the fruit fly, and transfer it to the vertebrate model system, the zebrafish Danio\nrerio, with the goal of overcoming previous limitations, such as toxicity and lack of temporal\ngene expression control."", ""principal_investigators"": [{""full_name"": ""Hubert O Amrein"", ""profile_id"": 6091077, ""title"": ""PHD""}, {""full_name"": ""Alex C Keene"", ""profile_id"": 7985703, ""title"": """"}], ""project_detail_url"": ""https://reporter.nih.gov/project-details/11309759"", ""project_end_date"": ""2028-01-31T00:00:00"", ""project_start_date"": ""2026-02-09T00:00:00"", ""project_title"": ""A versatile bimodal QF/QS gene expression system for insect and vertebrate models based on conditional protein self-splicing""}, {""award_amount"": 49538.0, ""fiscal_year"": 2026, ""is_active"": true, ""organization"": {""org_country"": ""UNITED STATES"", ""org_name"": ""EMORY UNIVERSITY""}, ""phr_text"": ""Project Narrative\nA number of developmental disorders result from mutations in genes that play key roles in gene expression,\nincluding the RNA exosome complex, which processes and degrades many critical cellular RNAs. How these\nsmall changes in the RNA exosome, which is present in all cell types, cause pathology that affects different\norgan systems, primarily the nervous and/or cardiac systems is unknown. Here, I leverage a powerful model\nsystem to analyze and compare a series of pathogenic RNA exosome mutations, three of which are linked to\nneurological disease with risk of sudden cardiac death, one linked to congenital ataxia, and one linked primarily\nto cardiac dysfunction, that occur in a single RNA exosome gene to understand and compare how these changes\nimpact the function of the complex, which will provide insight into defects that contribute to pathology."", ""principal_investigators"": [{""full_name"": ""Zachary  Bressman"", ""profile_id"": 79846883, ""title"": """"}], ""project_detail_url"": ""https://reporter.nih.gov/project-details/11318383"", ""project_end_date"": ""2029-01-31T00:00:00"", ""project_start_date"": ""2026-02-01T00:00:00"", ""project_title"": ""Functional and biochemical analysis of RNA exosome variants linked to neurological disorders""}, {""award_amount"": 401404.0, ""fiscal_year"": 2026, ""is_active"": true, ""organization"": {""org_country"": ""UNITED STATES"", ""org_name"": ""UNIVERSITY OF PENNSYLVANIA""}, ""phr_text"": ""The goal of this proposal is to determine how the canonical role of HIRA mediates epigenome homeostasis\nand how the non-canonical roles of HIRA and TXNRD1 mediate cGAS/STING activation in senescence, the\nsenescence-associated secretory phenotype (SASP) and aging. These studies are expected to provide new\navenues to modulate HIRA and TXNRD1 function to promote healthy aging."", ""principal_investigators"": [{""full_name"": ""Ronen  Marmorstein"", ""profile_id"": 1866999, ""title"": ""PROFESSOR""}], ""project_detail_url"": ""https://reporter.nih.gov/project-details/11096621"", ""project_end_date"": ""2031-01-31T00:00:00"", ""project_start_date"": ""2026-02-01T00:00:00"", ""project_title"": ""Project 3: Role of HIRA in epigenome homeostasis and HIRA/TXNRD1 in cGAS/STING activation in senescence and SASP""}, {""award_amount"": 75520.0, ""fiscal_year"": 2025, ""is_active"": true, ""organization"": {""org_country"": ""UNITED STATES"", ""org_name"": ""BROWN UNIVERSITY""}, ""phr_text"": ""PROJECT NARRATIVE\nCandida auris is an emerging fungal pathogen that poses a significant health threat due to its high\nresistance to azole drugs and ability to persist in hospital environments. We will investigate how Tac1\ntranscription factor paralogs evolved to differentially regulate drug efflux pump expression, contributing\nto azole resistance in C. auris. We will map how transcriptional pathways for salt tolerance and drug\nresistance are evolutionarily linked in C. auris, results of which could suggest novel therapeutic\ninterventions."", ""principal_investigators"": [{""full_name"": ""Nicholas  Cauldron"", ""profile_id"": 79368780, ""title"": """"}], ""project_detail_url"": ""https://reporter.nih.gov/project-details/11242956"", ""project_end_date"": ""2027-10-31T00:00:00"", ""project_start_date"": ""2025-11-01T00:00:00"", ""project_title"": ""TAC1 Tango: Evolutionary rewiring of a transcriptional circuit for azole drug resistance in Candida auris""}, {""award_amount"": 1016229.0, ""fiscal_year"": 2025, ""is_active"": true, ""organization"": {""org_country"": ""UNITED STATES"", ""org_name"": ""PERLARA, PBC""}, ""phr_text"": ""Project Narrative\nMitochondrial diseases affect as many as 1 in 4000 people in the world, but there are only a\nhandful of approved medicines for mitochondrial diseases. An economical, fast and proven\nyeast-driven drug screening platform will identify a pipeline of repurposable small molecules that\nrestore mitochondrial function. Validation in human cell models will nominate drug candidates\nand reveal biomarkers that can be used as robust outcome measures in drug repurposing\nclinical trials."", ""principal_investigators"": [{""full_name"": ""Ethan  Perlstein"", ""profile_id"": 79955446, ""title"": """"}], ""project_detail_url"": ""https://reporter.nih.gov/project-details/11254547"", ""project_end_date"": ""2027-08-31T00:00:00"", ""project_start_date"": ""2025-09-12T00:00:00"", ""project_title"": ""REMIT (Rescue Mitochondrial Therapeutics): Unlocking Broad-Spectrum Mitochondrial Rescuers""}, {""award_amount"": 548816.0, ""fiscal_year"": 2025, ""is_active"": true, ""organization"": {""org_country"": ""UNITED STATES"", ""org_name"": ""UNIVERSITY OF ILLINOIS AT URBANA-CHAMPAIGN""}, ""phr_text"": ""PROJECT NARRATIVE\nThe proposed research is relevant to public health because atherosclerosis, increasing in prevalence,\nrepresents a major burden for both public and economy. This study will elucidate the role of SEC16B in\nmodulating lipid droplets and VLDL metabolism, which may unravel potential targets for the intervention of\natherosclerosis."", ""principal_investigators"": [{""full_name"": ""Bo  Wang"", ""profile_id"": 12322935, ""title"": ""ASSOCIATE PROFESSOR""}], ""project_detail_url"": ""https://reporter.nih.gov/project-details/11204733"", ""project_end_date"": ""2029-05-31T00:00:00"", ""project_start_date"": ""2025-09-02T00:00:00"", ""project_title"": ""Inter-organelle communication in lipid metabolism""}, {""award_amount"": 445500.0, ""fiscal_year"": 2025, ""is_active"": true, ""organization"": {""org_country"": ""UNITED STATES"", ""org_name"": ""SOUTHERN ILLINOIS UNIVERSITY CARBONDALE""}, ""phr_text"": ""Proposal narrative:\n Altered cellular levels of Sgf73/ataxin-7 is associated with cancer, neurological and eye\ndiseases. This proposal aims to identify the factors involved in regulation of the cellular levels\nof Sgf73/ataxin-7 with physiological relevance in cellular functions and pathologies. The\nidentified factors can emerge as important biomarkers for cancer, neurological and eye\ndisorders with targeted therapeutic potentials."", ""principal_investigators"": [{""full_name"": ""Sukesh R. Bhaumik"", ""profile_id"": 8136908, ""title"": ""PROFESSOR""}], ""project_detail_url"": ""https://reporter.nih.gov/project-details/11043599"", ""project_end_date"": ""2028-08-31T00:00:00"", ""project_start_date"": ""2025-09-01T00:00:00"", ""project_title"": ""Deciphering novel UPS regulation of Sgf73/ataxin-7 in controlling SAGA and associated functions in gene expression""}, {""award_amount"": 868584.0, ""fiscal_year"": 2025, ""is_active"": true, ""organization"": {""org_country"": ""UNITED STATES"", ""org_name"": ""UNIVERSITY OF TEXAS HLTH SCI CTR HOUSTON""}, ""phr_text"": ""A growing body of evidence indicates that tRNA modifications have a profound influence on the regulation of\ntranslational programs in response to cellular and environmental changes. We aim to elucidate how endoplasmic\nreticulum and oxidative stress regulate tRNA modifications and determine how this contributes to the\nestablishment of an adaptive mRNA translation program for stress survival."", ""principal_investigators"": [{""full_name"": ""Catherine  Denicourt"", ""profile_id"": 9833140, ""title"": ""ASSOCIATE PROFESSOR""}], ""project_detail_url"": ""https://reporter.nih.gov/project-details/11108081"", ""project_end_date"": ""2027-08-31T00:00:00"", ""project_start_date"": ""2025-09-01T00:00:00"", ""project_title"": ""Investigating how RNA modifications regulate adaptive mRNA translation.""}]}"
559292,atcc,atcc,"{""product_details"": [], ""search_results"": {""products"": [{""url"": ""https://www.atcc.org/products/18824""}, {""url"": ""https://www.atcc.org/products/9763""}, {""url"": ""https://www.atcc.org/products/13007""}, {""url"": ""https://www.atcc.org/products/200895""}, {""url"": ""https://www.atcc.org/products/24858""}, {""url"": ""https://www.atcc.org/products/208288""}, {""url"": ""https://www.atcc.org/products/mya-4941""}, {""url"": ""https://www.atcc.org/products/mya-4941dq""}, {""url"": ""https://www.atcc.org/products/204508dq""}, {""url"": ""https://www.atcc.org/products/mya-1108""}, {""url"": ""https://www.atcc.org/products/204508""}, {""url"": ""https://www.atcc.org/products/76520""}], ""total_results"": 31656, ""url"": ""https://www.atcc.org/search#q=Saccharomyces%20cerevisiae&sort=relevancy&numberOfResults=12&f:Contenttype=%5BProducts%5D""}}"
559292,requires_host,exa_answer,"{""answer"": {""answer"": ""no"", ""confidence"": ""high"", ""reasoning"": ""Saccharomyces cerevisiae is a species of yeast that is used in fermentation, baking, and brewing, and is a model organism in molecular and cell biology. It is a microorganism that does not require a host organism for its growth or reproduction, as it can grow independently in laboratory or natural environments. The second source indicates that S. cerevisiae is widely used as a heterologous host in biotechnology, which implies it can be cultivated independently without needing a host organism for survival or reproduction. Therefore, it does not require a host organism.""}, ""citations"": [{""favicon"": null, ""id"": ""https://en.wikipedia.org/wiki/Saccharomyces_cerevisiae"", ""image"": null, ""publishedDate"": null, ""score"": null, ""snippet"": ""It is the microorganism which causes many common types of fermentation. S. cerevisiae cells are round to ovoid, 5–10 μm in diameter. It reproduces by budding."", ""title"": ""Saccharomyces cerevisiae - Wikipedia"", ""url"": ""https://en.wikipedia.org/wiki/Saccharomyces_cerevisiae""}, {""favicon"": ""https://link.springer.com/oscar-static/img/favicons/darwin/apple-touch-icon-6ef0829b9c.png"", ""id"": ""https://link.springer.com/article/10.1186/s12934-021-01650-y"", ""image"": ""https://static-content.springer.com/image/art%3A10.1186%2Fs12934-021-01650-y/MediaObjects/12934_2021_1650_Fig1_HTML.png"", ""publishedDate"": ""2021-08-19T00:00:00.000Z"", ""score"": null, ""snippet"": ""Microorganisms like Escherichia coli, Saccharomyces cerevisiae, or Aspergillus nidulans are frequently exploited as heterologous hosts to ..."", ""title"": ""Saccharomyces cerevisiae as host for the recombinant production of ..."", ""url"": ""https://link.springer.com/article/10.1186/s12934-021-01650-y""}, {""favicon"": ""https://britannica.com/favicon.png"", ""id"": ""https://britannica.com/science/Saccharomyces-cerevisiae"", ""image"": null, ""publishedDate"": ""2025-09-15T00:00:00.000Z"", ""score"": null, ""snippet"": null, ""title"": ""Saccharomyces cerevisiae | Description, History, Baking, Brewing, Model Organism, & Facts | Britannica"", ""url"": ""http://www.britannica.com/science/Saccharomyces-cerevisiae""}], ""costDollars"": {""total"": 0.005}, ""requestId"": ""bf20b776724d404aee8e1e4753ff459e""}"
559292,requires_bacterial_food,exa_answer,"{""answer"": {""answer"": ""no"", ""confidence"": ""high"", ""reasoning"": ""Saccharomyces cerevisiae, also known as baker's or brewer's yeast, is a species of yeast that metabolizes carbon sources like sugars to produce alcohol and CO2, and it does not require a bacterial food source to survive or function, as it is a unicellular fungus that derives nutrients from its environment ([Wikipedia](https://en.wikipedia.org/wiki/Saccharomyces_cerevisiae), [Britannica](https://www.britannica.com/science/Saccharomyces-cerevisiae), [FermFacts](https://fermfacts.com/nutrient-requirements-of-the-yeast-cell)).""}, ""citations"": [{""favicon"": null, ""id"": ""https://fermfacts.com/nutrient-requirements-of-the-yeast-cell"", ""image"": ""https://fermfacts.com/wp-content/uploads/2019/10/Phibro_CompositionYeastCells_chart_050319.png"", ""publishedDate"": null, ""score"": null, ""snippet"": ""Nitrogen comprises ~ 9% gdw in a yeast cell. All corn mash is deficient in nitrogen in the form of FAN (free amino nitrogen) – the only form of nitrogen the ..."", ""title"": ""Nutrient requirements of the yeast cell – Don't forget about ... - Phibro"", ""url"": ""https://fermfacts.com/nutrient-requirements-of-the-yeast-cell""}, {""favicon"": null, ""id"": ""https://en.wikipedia.org/wiki/Saccharomyces_cerevisiae"", ""image"": null, ""publishedDate"": null, ""score"": null, ""snippet"": null, ""title"": ""Saccharomyces cerevisiae"", ""url"": ""https://en.wikipedia.org/wiki/Saccharomyces_cerevisiae""}, {""favicon"": ""https://britannica.com/favicon.png"", ""id"": ""https://britannica.com/science/Saccharomyces-cerevisiae"", ""image"": null, ""publishedDate"": ""2025-09-15T00:00:00.000Z"", ""score"": null, ""snippet"": null, ""title"": ""Saccharomyces cerevisiae | Description, History, Baking, Brewing, Model Organism, & Facts | Britannica"", ""url"": ""https://www.britannica.com/science/Saccharomyces-cerevisiae""}, {""favicon"": ""https://images-prod.healthline.com/hlcmsresource/images/frontend-static/favicon/v1/apple-touch-icon.png"", ""id"": ""https://healthline.com/nutrition/nutritional-yeast"", ""image"": ""https://media.post.rvohealth.io/wp-content/uploads/2020/09/nutritional-yeast-flakes-thumb-1.jpg"", ""publishedDate"": ""2022-03-10T00:00:00.000Z"", ""score"": null, ""snippet"": ""Nutritional yeast is a vegan-friendly source of protein, B vitamins, and trace minerals that support optimal health."", ""title"": ""Nutritional Yeast: Nutrients, Health Benefits, and Uses - Healthline"", ""url"": ""https://www.healthline.com/nutrition/nutritional-yeast""}, {""favicon"": null, ""id"": ""https://admin.lallemandbrewing.com/wp-content/uploads/2023/05/Nutrition-Booklet-ENG-Digital-AB-Vickers-4.pdf"", ""image"": null, ""publishedDate"": null, ""score"": null, ""snippet"": ""Brewer's yeast, also commonly known as Saccharomyces, are living cells that, in the most basic terms, use carbon sources to produce alcohol and CO2."", ""title"": ""[PDF] YEAST NUTRITION FUNDAMENTALS - Lallemand Brewing"", ""url"": ""https://admin.lallemandbrewing.com/wp-content/uploads/2023/05/Nutrition-Booklet-ENG-Digital-AB-Vickers-4.pdf""}], ""costDollars"": {""total"": 0.005}, ""requestId"": ""7e69f3fea3dece68fef28246048824b3""}"
559292,bsl_level,exa_answer,"{""answer"": {""answer"": ""BSL-1"", ""confidence"": ""high"", ""reasoning"": ""Saccharomyces cerevisiae is generally considered safe and is handled under standard laboratory practices, which correspond to biosafety level 1 (BSL-1). The Yale article explicitly states that it is handled under standard BSL-1 practices, and the organism's extensive history of use in food and research supports this classification ([Yale Files](https://files.yaledailynews.com/), [EPA report](https://19january2021snapshot.epa.gov/sites/static/files/2015-09/documents/fra002.pdf)).""}, ""citations"": [{""favicon"": null, ""id"": ""https://19january2021snapshot.epa.gov/sites/static/files/2015-09/documents/fra002.pdf"", ""image"": null, ""publishedDate"": ""1997-03-06T00:00:00.000Z"", ""score"": null, ""snippet"": null, ""title"": ""US EPA, ATTACHMENT I--FINAL RISK ASSESSMENT OF SACCHAROMYCES CEREVISIAE"", ""url"": ""https://19january2021snapshot.epa.gov/sites/static/files/2015-09/documents/fra002.pdf""}, {""favicon"": ""https://files.yaledailynews.com/assets/ico/favicon.ico"", ""id"": ""https://files.yaledailynews.com/saccharomyces-cerevisiae-carolina-biological"", ""image"": ""https://files.yaledailynews.com/assets/img/saccharomyces-cerevisiae-carolina-biological.jpeg"", ""publishedDate"": ""2025-10-04T01:30:05.000Z"", ""score"": null, ""snippet"": null, ""title"": ""Saccharomyces Cerevisiae Carolina Biological Explained For Scientists - Yale Files"", ""url"": ""https://files.yaledailynews.com/saccharomyces-cerevisiae-carolina-biological""}], ""costDollars"": {""total"": 0.005}, ""requestId"": ""a2c0f1ecf0c7f630be4d57e5f9a65d27""}"
559292,requires_lab_permits,exa_answer,"{""answer"": {""answer"": ""no"", ""confidence"": ""high"", ""reasoning"": ""Based on the search results, Saccharomyces cerevisiae has been granted GRAS (Generally Recognized As Safe) status by the FDA, which means it does not require premarket approval or special regulatory permits for its use in food products ([FDA.gov](https://downloads.regulations.gov/FDA-2025-N-1928-0024/content.pdf), [FDA.gov](https://downloads.regulations.gov/FDA-2025-N-1928-0002/attachment_1.pdf)). However, this status applies specifically to its use in food and related applications, and regulatory requirements may vary depending on the intended use and jurisdiction.""}, ""citations"": [{""favicon"": null, ""id"": ""https://downloads.regulations.gov/FDA-2025-N-1928-0024/content.pdf"", ""image"": null, ""publishedDate"": ""2025-11-18T00:00:00.000Z"", ""score"": null, ""snippet"": null, ""title"": ""GRAS Notice (GRN) 1279 Saccharomyces cerevisiae"", ""url"": ""https://downloads.regulations.gov/FDA-2025-N-1928-0024/content.pdf""}, {""favicon"": null, ""id"": ""https://downloads.regulations.gov/FDA-2025-N-1928-0002/attachment_1.pdf"", ""image"": null, ""publishedDate"": ""2025-09-10T00:00:00.000Z"", ""score"": null, ""snippet"": null, ""title"": ""GRAS Notice (GRN) 1252, Saccharomyces cerevisiae"", ""url"": ""https://downloads.regulations.gov/FDA-2025-N-1928-0002/attachment_1.pdf""}, {""favicon"": null, ""id"": ""https://www3.epa.gov/pesticides/chem_search/reg_actions/registration/decision_PC-100054_26-May-09.pdf"", ""image"": null, ""publishedDate"": ""2009-06-04T00:00:00.000Z"", ""score"": null, ""snippet"": null, ""title"": ""Technical Document for Yeast also referred to as a BRAD"", ""url"": ""https://www3.epa.gov/pesticides/chem_search/reg_actions/registration/decision_PC-100054_26-May-09.pdf""}, {""favicon"": null, ""id"": ""https://govinfo.gov/link/cfr/21/173?link-type=pdf&year=mostrecent"", ""image"": null, ""publishedDate"": null, ""score"": null, ""snippet"": null, ""title"": """", ""url"": ""https://www.govinfo.gov/link/cfr/21/173?link-type=pdf&year=mostrecent""}], ""costDollars"": {""total"": 0.005}, ""requestId"": ""f3b8232e73795051dc92a4b82f9c9500""}"
559292,culture_conditions,exa_answer,"{""answer"": {""answer"": ""Saccharomyces cerevisiae is best cultivated at a pH of around 4 with approximately 5% dissolved oxygen. It requires a nutrient-rich medium, although specific media composition is not detailed in the search results. The yeast is facultatively aerobic, meaning it can grow in both aerobic and anaerobic conditions, but optimal growth and cell size are achieved with sufficient oxygen supply. Other environmental factors include temperature, which is typically around 30°C for optimal growth, and maintaining proper environmental controls to minimize oxygen diffusion when necessary."", ""confidence"": ""high"", ""reasoning"": ""The search results provide specific details about the growth conditions for Saccharomyces cerevisiae. One source indicates that optimal growth occurs at a pH of 4 with 5% dissolved oxygen, which also results in the largest cell size suitable for use as drug carriers ([Electronic Physician](https://medtech.ichsmt.org/index.php/EPJ/article/view/1032)). Another source mentions that yeast generally require oxygen for growth, with conditions that include specific media and environmental controls, although exact media composition is not detailed in the search results ([Semanticscholar](https://pdfs.semanticscholar.org/0e07/b123cf108ad5d5c30e97258f1bf9d89dbfbb.pdf)). The Wikipedia entry confirms that S. cerevisiae is a facultative anaerobe, capable of growing in both aerobic and anaerobic conditions, but optimal growth is typically achieved with adequate oxygen supply ([Wikipedia](https://en.wikipedia.org/wiki/Saccharomyces_cerevisiae)). Based on these, the key environmental factors for optimal cultivation include maintaining a pH around 4, providing about 5% dissolved oxygen, and using suitable media, with oxygen requirements being critical for growth.""}, ""citations"": [{""favicon"": null, ""id"": ""https://pdfs.semanticscholar.org/0e07/b123cf108ad5d5c30e97258f1bf9d89dbfbb.pdf"", ""image"": null, ""publishedDate"": ""2021-06-21T00:00:00.000Z"", ""score"": null, ""snippet"": null, ""title"": """", ""url"": ""https://pdfs.semanticscholar.org/0e07/b123cf108ad5d5c30e97258f1bf9d89dbfbb.pdf""}, {""favicon"": ""https://medtech.ichsmt.org/public/journals/5/favicon_en_US.jpg"", ""id"": ""https://medtech.ichsmt.org/index.php/EPJ/article/view/1032"", ""image"": null, ""publishedDate"": null, ""score"": null, ""snippet"": null, ""title"": ""Investigation of the Best Saccharomyces cerevisiae Growth Condition\n\t\t\t\t\t\t\t| Electronic Physician"", ""url"": ""https://medtech.ichsmt.org/index.php/EPJ/article/view/1032""}, {""favicon"": null, ""id"": ""https://en.wikipedia.org/wiki/Saccharomyces_cerevisiae"", ""image"": null, ""publishedDate"": null, ""score"": null, ""snippet"": null, ""title"": ""Saccharomyces cerevisiae"", ""url"": ""https://en.wikipedia.org/wiki/Saccharomyces_cerevisiae""}], ""costDollars"": {""total"": 0.005}, ""requestId"": ""f3216a9680cf0a2a54c15e4e8198a8ab""}"
559292,bsl_infrastructure_requirements,exa_answer,"{""answer"": {""answer"": ""The infrastructure required to work with organisms at BSL-1, such as Saccharomyces cerevisiae, includes autoclaves for sterilization, sterile culturing equipment, refrigerators and freezers for storage, waste disposal systems that ensure proper disinfection of waste, and containment facilities to prevent environmental release. Standard laboratory safety practices are sufficient, given its non-pathogenic status, but proper waste management and disinfection protocols must be followed to ensure biosafety ([Result 1](https://2025.igem.wiki/scut-china-l/safety), [Result 2](https://ibc.utah.edu/library/management-of-bsl1-waste.php))."", ""confidence"": ""high"", ""reasoning"": ""The search results indicate that Saccharomyces cerevisiae, at BSL-1, requires standard laboratory safety measures and equipment. It is non-pathogenic and can be inactivated with routine disinfectants. The infrastructure includes autoclaves for sterilization, sterile culturing equipment, refrigerators and freezers for storage, waste disposal systems that handle BSL-1 waste (which must be disinfected before disposal), and containment facilities to prevent environmental release. These measures align with general BSL-1 laboratory practices, emphasizing safety, containment, and proper waste management ([Result 1](https://2025.igem.wiki/scut-china-l/safety), [Result 2](https://ibc.utah.edu/library/management-of-bsl1-waste.php)).""}, ""citations"": [{""favicon"": ""https://static.igem.wiki/teams/5843/wiki-home/smalllogo.webp"", ""id"": ""https://2025.igem.wiki/scut-china-l/safety"", ""image"": null, ""publishedDate"": null, ""score"": null, ""snippet"": ""Under standard laboratory conditions (BSL-1), S. cerevisiae requires no special protective measures and can be inactivated by routine disinfectants (such as ethanol or bleach). highlights: [no special protective measures]"", ""title"": ""Safety | SCUT-China-L - iGEM 2025"", ""url"": ""https://2025.igem.wiki/scut-china-l/safety""}, {""favicon"": ""https://templates.utah.edu/_main-v3-1/images/template/favicon.ico"", ""id"": ""https://ibc.utah.edu/library/management-of-bsl1-waste.php"", ""image"": null, ""publishedDate"": null, ""score"": null, ""snippet"": ""Is yeast BSL-1?\nExamples of BSL-1 wastes are: E-coli K-12, E-coli DH5α, including strains harboring recombinant plasmids. Yeast (Sacchromyces Cerevisciae) harboring recombinant plasmids. Transgenic Drosophila (insects and cell cultures)"", ""title"": ""Management of Biosafety Level-1 (BSL-1) Recombinant or Synthetic ..."", ""url"": ""https://ibc.utah.edu/library/management-of-bsl1-waste.php""}, {""favicon"": null, ""id"": ""https://downloads.regulations.gov/FDA-2025-N-1928-0024/content.pdf"", ""image"": null, ""publishedDate"": ""2025-11-19T00:00:00.000Z"", ""score"": null, ""snippet"": ""The notified Saccharomyces cerevisiae AMCC 50114 is not subject to the premarket approval requirements ... ensuring biosafety compliance."", ""title"": ""[PDF] GRAS Notice (GRN) 1279 Saccharomyces cerevisiae"", ""url"": ""https://downloads.regulations.gov/FDA-2025-N-1928-0024/content.pdf""}, {""favicon"": null, ""id"": ""https://asm.org/asm/media/policy-and-advocacy/biosafety-white-paper-2019.pdf"", ""image"": null, ""publishedDate"": ""2019-01-11T00:00:00.000Z"", ""score"": null, ""snippet"": null, ""title"": """", ""url"": ""https://asm.org/asm/media/policy-and-advocacy/biosafety-white-paper-2019.pdf""}, {""favicon"": null, ""id"": ""https://safety.uoregon.edu/sites/default/files/biosafety_manual_2019.pdf"", ""image"": null, ""publishedDate"": ""2019-10-10T00:00:00.000Z"", ""score"": null, ""snippet"": null, ""title"": """", ""url"": ""https://safety.uoregon.edu/sites/default/files/biosafety_manual_2019.pdf""}, {""favicon"": null, ""id"": ""https://sc.edu/about/offices_and_divisions/ehs/documents/biosafety_level_criteria/biosafety-level-3-bsl-3-criteria-section-iv.pdf"", ""image"": null, ""publishedDate"": ""2020-12-14T00:00:00.000Z"", ""score"": null, ""snippet"": null, ""title"": """", ""url"": ""https://sc.edu/about/offices_and_divisions/ehs/documents/biosafety_level_criteria/biosafety-level-3-bsl-3-criteria-section-iv.pdf""}, {""favicon"": null, ""id"": ""https://19january2021snapshot.epa.gov/sites/static/files/2015-09/documents/fra002.pdf"", ""image"": null, ""publishedDate"": ""1997-03-06T00:00:00.000Z"", ""score"": null, ""snippet"": null, ""title"": ""US EPA, ATTACHMENT I--FINAL RISK ASSESSMENT OF SACCHAROMYCES CEREVISIAE"", ""url"": ""https://19january2021snapshot.epa.gov/sites/static/files/2015-09/documents/fra002.pdf""}], ""costDollars"": {""total"": 0.005}, ""requestId"": ""796d047ddb75268722ad8701a23dbab7""}"
559292,organism_infrastructure_requirements,exa_answer,"{""answer"": {""answer"": ""Culturing Saccharomyces cerevisiae requires organism-specific infrastructure such as culture vessels (plates, flasks, tubes), microscopes (dissecting and light microscopes), sterile inoculation tools (loops, toothpicks), and appropriate nutrient media. Specialized equipment like growth lights is generally not necessary, as yeast is not photosynthetic. The process also involves sterile techniques to prevent contamination, and the use of media suited for yeast growth is essential."", ""confidence"": ""high"", ""reasoning"": ""The search results indicate that culturing Saccharomyces cerevisiae requires specific infrastructure and equipment. Standard tools include culture vessels such as plates, flasks, and tubes, which are essential for growing yeast cultures ([source](https://singerinstruments.com/resource/how-to-grow-yeast)). Additionally, microscopes, including dissecting microscopes and light microscopes, are important for examining yeast colonies and cells ([source](https://epdf.tips/yeast-protocols.html)). Specialized tools like sterile inoculation loops or toothpicks are used to transfer yeast, and sterile techniques are emphasized to prevent contamination. The protocols also mention the use of specific media for growth, which implies the need for appropriate nutrient media preparation. Although growth lights are not specifically mentioned, they are generally not required for Saccharomyces cerevisiae, as it is not photosynthetic. Microinjection equipment is typically not used for yeast cultivation, but might be relevant for genetic manipulation. Overall, the key infrastructure includes culture vessels, microscopes, sterile transfer tools, and media preparation facilities, tailored to microbiological and molecular biology applications ([source](https://singerinstruments.com/resource/how-to-grow-yeast)).""}, ""citations"": [{""favicon"": ""https://epdf.pub/assets/img/apple-icon-57x57.png"", ""id"": ""https://epdf.tips/yeast-protocols.html"", ""image"": ""https://epdf.pub/assets/img/epdf_logo.png"", ""publishedDate"": null, ""score"": null, ""snippet"": null, ""title"": ""Yeast Protocols - PDF Free Download"", ""url"": ""https://epdf.tips/yeast-protocols.html""}, {""favicon"": ""https://www.singerinstruments.com/wp-content/uploads/2022/04/favicon.ico"", ""id"": ""https://singerinstruments.com/resource/how-to-grow-yeast"", ""image"": ""https://www.singerinstruments.com/wp-content/uploads/2015/03/how_to_grow_yeast.png"", ""publishedDate"": null, ""score"": null, ""snippet"": ""Use a flame-sterilised wire loop, disposable plastic loop, or sterile toothpick and pick up a slightly visible amount of yeast cells from another plate, a slant ..."", ""title"": ""How to Grow Yeast - Singer Instruments"", ""url"": ""https://www.singerinstruments.com/resource/how-to-grow-yeast""}, {""favicon"": null, ""id"": ""https://tga.blv.ifmt.edu.br/media/filer_public/c9/3f/c93fa603-71b7-4dd7-adf2-58b5eefd2753/cappuccino_-_microbiology_-_a_laboratory_manual_-_11ed_-_2017.pdf"", ""image"": null, ""publishedDate"": ""2017-03-21T00:00:00.000Z"", ""score"": null, ""snippet"": null, ""title"": ""Microbiology A Laboratory Manual, Global Edition"", ""url"": ""https://tga.blv.ifmt.edu.br/media/filer_public/c9/3f/c93fa603-71b7-4dd7-adf2-58b5eefd2753/cappuccino_-_microbiology_-_a_laboratory_manual_-_11ed_-_2017.pdf""}, {""favicon"": null, ""id"": ""https://cshprotocols.cshlp.org/content/2020/10/pdb.prot098145.short"", ""image"": ""https://cshprotocols.cshlp.org/local/img/journal_logo.gif"", ""publishedDate"": ""2020-10-01T00:00:00.000Z"", ""score"": null, ""snippet"": null, ""title"": ""Growth of Saccharomyces cerevisiae and Preparation of DNA"", ""url"": ""https://cshprotocols.cshlp.org/content/2020/10/pdb.prot098145.short""}, {""favicon"": ""https://currentprotocols.onlinelibrary.wiley.com/favicon.ico"", ""id"": ""https://currentprotocols.onlinelibrary.wiley.com/doi/10.1002/0471142727.mb1302s82"", ""image"": ""https://currentprotocols.onlinelibrary.wiley.com/cms/asset/15ee2954-e0f1-4ae6-8525-0bc803028d01/0471142727.2008.82.issue-1.cover.jpg?trick=1720414708291"", ""publishedDate"": ""2008-04-01T00:00:00.000Z"", ""score"": null, ""snippet"": null, ""title"": ""Growth and Manipulation of Yeast"", ""url"": ""https://currentprotocols.onlinelibrary.wiley.com/doi/10.1002/0471142727.mb1302s82""}], ""costDollars"": {""total"": 0.005}, ""requestId"": ""81da8a05a4e4433d7992357287f260b5""}"
559292,96_well_plate_capable,exa_answer,"{""answer"": {""answer"": ""yes"", ""confidence"": ""high"", ""reasoning"": ""The first result describes a protocol for cultivating Saccharomyces cerevisiae in a growth profiler, which typically involves microtiter plates like 96-well plates. The second and third results specifically mention the use of 96-well plates for yeast sporulation, indicating that it is feasible to culture Saccharomyces cerevisiae in such formats. The other results discuss viability assays and DNA extraction methods, which do not contradict this possibility.""}, ""citations"": [{""favicon"": ""https://bio-protocol.org/favicon.ico"", ""id"": ""https://bio-protocol.org/exchange/minidetail?id=10586302&type=30"", ""image"": ""https://cdn.bio-protocol.org/forum/fe/static/share_logo.png"", ""publishedDate"": null, ""score"": null, ""snippet"": null, ""title"": ""Cultivation of Saccharomyces cerevisiae in a growth profiler"", ""url"": ""https://bio-protocol.org/exchange/minidetail?id=10586302&type=30""}, {""favicon"": ""https://app.jove.com/logo192.webp"", ""id"": ""https://app.jove.com/v/54584/efficient-sporulation-saccharomyces-cerevisiae-96-multiwell"", ""image"": ""https://cloudfront.jove.com/CDNSource/teasers/54584.jpg"", ""publishedDate"": ""2016-09-17T14:00:00.000Z"", ""score"": null, ""snippet"": null, ""title"": ""Video: Efficient Sporulation of Saccharomyces cerevisiae in a 96 Multiwell Format"", ""url"": ""https://app.jove.com/v/54584/efficient-sporulation-saccharomyces-cerevisiae-96-multiwell""}, {""favicon"": ""https://app.jove.com/logo192.webp"", ""id"": ""https://app.jove.com/it/t/54584/efficient-sporulation-saccharomyces-cerevisiae-96-multiwell-format"", ""image"": null, ""publishedDate"": ""2016-09-17T14:00:00.000Z"", ""score"": null, ""snippet"": null, ""title"": ""Sporulazione efficiente di Saccharomyces cerevisiae In un pozzetti formato 96"", ""url"": ""https://app.jove.com/it/t/54584/efficient-sporulation-saccharomyces-cerevisiae-96-multiwell-format""}, {""favicon"": ""https://d.docksci.com/assets/img/apple-icon-57x57.png"", ""id"": ""https://d.docksci.com/a-simple-colony-formation-assay-in-liquid-medium-termed-tadpoling-provides-a-sen_5cf9a902d64ab2c1580cbeb9.html"", ""image"": ""https://d.docksci.com/assets/img/docksci_logo.png"", ""publishedDate"": null, ""score"": null, ""snippet"": null, ""title"": ""A simple colony-formation assay in liquid medium, termed 'tadpoling', provides a sensitive measure of Saccharomyces cerevisiae culture viability. - PDF Download Free"", ""url"": ""https://d.docksci.com/a-simple-colony-formation-assay-in-liquid-medium-termed-tadpoling-provides-a-sen_5cf9a902d64ab2c1580cbeb9.html""}, {""favicon"": ""https://journals.plos.org/resource/img/favicon.ico"", ""id"": ""https://journals.plos.org/plosone/article?id=10.1371%2Fjournal.pone.0292401"", ""image"": ""https://journals.plos.org/plosone/article/figure/image?id=10.1371/journal.pone.0292401.g012&size=inline"", ""publishedDate"": null, ""score"": null, ""snippet"": null, ""title"": ""Automation protocol for high-efficiency and high-quality genomic DNA extraction from Saccharomyces cerevisiae | PLOS One"", ""url"": ""https://journals.plos.org/plosone/article?id=10.1371%2Fjournal.pone.0292401""}], ""costDollars"": {""total"": 0.005}, ""requestId"": ""81c45115109bce4cb758264cbcbc7436""}"
559292,size,exa_answer,"{""answer"": {""answer"": ""Saccharomyces cerevisiae cells are approximately 4-10 µm in diameter, with a median cell volume of about 82 µm³."", ""confidence"": ""high"", ""reasoning"": ""Based on the detailed measurements from the BioNumbers database, Saccharomyces cerevisiae cells are approximately 5-10 µm in diameter, with specific data indicating a spherical shape of about 1.6 µm in diameter for the nucleus and an overall cell size of around 4-6 µm for haploid cells and 5-10 µm for diploid cells. The median cell volume for diploid yeast is approximately 82 µm³, which aligns with the cell diameter range. These measurements are supported by multiple sources, including the BioNumbers database and Wikipedia.""}, ""citations"": [{""favicon"": ""https://bionumbers.hms.harvard.edu/images/BioFavicon.ico"", ""id"": ""https://bionumbers.hms.harvard.edu/bionumber.aspx?id=108295&ver=1"", ""image"": null, ""publishedDate"": null, ""score"": null, ""snippet"": null, ""title"": ""Length and diameter of S. cerevisiae cell and - Budding yeast Saccharomyces ce - BNID 108295"", ""url"": ""https://bionumbers.hms.harvard.edu/bionumber.aspx?id=108295&ver=1""}, {""favicon"": ""https://bionumbers.hms.harvard.edu/images/BioFavicon.ico"", ""id"": ""https://bionumbers.hms.harvard.edu/bionumber.aspx?id=108295&s=n&v=4"", ""image"": null, ""publishedDate"": null, ""score"": null, ""snippet"": null, ""title"": ""Length and diameter of cell and various components"", ""url"": ""https://bionumbers.hms.harvard.edu/bionumber.aspx?id=108295&s=n&v=4""}, {""favicon"": ""https://bionumbers.hms.harvard.edu/images/BioFavicon.ico"", ""id"": ""https://bionumbers.hms.harvard.edu/bionumber.aspx?id=108315&s=n&v=1"", ""image"": null, ""publishedDate"": null, ""score"": null, ""snippet"": null, ""title"": ""Size and composition of yeast cells - Budding yeast Saccharomyces ce - BNID 108315"", ""url"": ""https://bionumbers.hms.harvard.edu/bionumber.aspx?id=108315&s=n&v=1""}, {""favicon"": ""https://bionumbers.hms.harvard.edu/images/BioFavicon.ico"", ""id"": ""https://bionumbers.hms.harvard.edu/bionumber.aspx?id=100490"", ""image"": null, ""publishedDate"": null, ""score"": null, ""snippet"": null, ""title"": ""Median cell size of a diploid budding yeast i - Budding yeast Saccharomyces ce - BNID 100490"", ""url"": ""https://bionumbers.hms.harvard.edu/bionumber.aspx?id=100490""}, {""favicon"": ""https://bionumbers.hms.harvard.edu/images/BioFavicon.ico"", ""id"": ""https://bionumbers.hms.harvard.edu/bionumber.aspx?id=100490&s=n&v=5"", ""image"": null, ""publishedDate"": null, ""score"": null, ""snippet"": null, ""title"": ""Median cell size of a diploid budding yeast in glucose medium (S288c background)"", ""url"": ""https://bionumbers.hms.harvard.edu/bionumber.aspx?id=100490&s=n&v=5""}, {""favicon"": null, ""id"": ""https://en.wikipedia.org/wiki/Saccharomyces_cerevisiae"", ""image"": null, ""publishedDate"": null, ""score"": null, ""snippet"": null, ""title"": ""Saccharomyces cerevisiae"", ""url"": ""https://en.wikipedia.org/wiki/Saccharomyces_cerevisiae""}, {""favicon"": null, ""id"": ""https://dare.uva.nl/document/2/141377"", ""image"": null, ""publishedDate"": ""2025-09-29T00:00:00.000Z"", ""score"": null, ""snippet"": null, ""title"": """", ""url"": ""https://dare.uva.nl/document/2/141377""}], ""costDollars"": {""total"": 0.005}, ""requestId"": ""949823a061634ae21468ffc34ce20273""}"
559292,cellularity,exa_answer,"{""answer"": {""answer"": ""unicellular"", ""confidence"": ""high"", ""reasoning"": ""Based on the search results, Saccharomyces cerevisiae is a single-celled organism, specifically a yeast. It reproduces by budding, which is characteristic of unicellular fungi, and its cells are described as round to ovoid, 5-10 μm in diameter, consistent with unicellular morphology ([Wikipedia](https://en.wikipedia.org/wiki/Saccharomyces_cerevisiae), [BioNumbers](https://bionumbers.hms.harvard.edu/bionumber.aspx?id=108315)).""}, ""citations"": [{""favicon"": null, ""id"": ""https://en.wikipedia.org/wiki/Saccharomyces_cerevisiae"", ""image"": null, ""publishedDate"": null, ""score"": null, ""snippet"": ""It is the microorganism which causes many common types of fermentation. S. cerevisiae cells are round to ovoid, 5–10 μm in diameter. It reproduces by budding."", ""title"": ""Saccharomyces cerevisiae - Wikipedia"", ""url"": ""https://en.wikipedia.org/wiki/Saccharomyces_cerevisiae""}, {""favicon"": ""https://bionumbers.hms.harvard.edu/images/BioFavicon.ico"", ""id"": ""https://bionumbers.hms.harvard.edu/bionumber.aspx?id=108315&s=n&v=1"", ""image"": null, ""publishedDate"": null, ""score"": null, ""snippet"": null, ""title"": ""Size and composition of yeast cells - Budding yeast Saccharomyces ce - BNID 108315"", ""url"": ""https://bionumbers.hms.harvard.edu/bionumber.aspx?id=108315&s=n&v=1""}, {""favicon"": null, ""id"": ""https://dare.uva.nl/document/2/141377"", ""image"": null, ""publishedDate"": ""2025-09-29T00:00:00.000Z"", ""score"": null, ""snippet"": null, ""title"": """", ""url"": ""https://dare.uva.nl/document/2/141377""}, {""favicon"": null, ""id"": ""https://mdpi-res.com/d_attachment/ijms/ijms-23-11665/article_deploy/ijms-23-11665-v2.pdf?version=1665372102"", ""image"": null, ""publishedDate"": ""2022-10-10T00:00:00.000Z"", ""score"": null, ""snippet"": null, ""title"": """", ""url"": ""https://mdpi-res.com/d_attachment/ijms/ijms-23-11665/article_deploy/ijms-23-11665-v2.pdf?version=1665372102""}], ""costDollars"": {""total"": 0.005}, ""requestId"": ""1e4a6a2548ac3262a3102debf473763f""}"
559292,doubling_time,exa_answer,"{""answer"": {""answer"": ""Approximately 90 minutes (1.5 hours) in YPD medium and about 140 minutes (2.33 hours) in synthetic media."", ""confidence"": ""high"", ""reasoning"": ""The search results provide multiple doubling times for Saccharomyces cerevisiae under different conditions. The most specific and typical values for laboratory strains grown in standard media are approximately 90 minutes (or 1.5 hours) in YPD medium and about 140 minutes (or 2.33 hours) in synthetic media. These values are consistent with the known growth characteristics of this yeast species, which generally doubles within a range of about 1.4 to 2.3 hours depending on the environment.""}, ""citations"": [{""favicon"": ""https://bionumbers.hms.harvard.edu/images/BioFavicon.ico"", ""id"": ""https://bionumbers.hms.harvard.edu/bionumber.aspx?id=113258&s=n&v=0"", ""image"": null, ""publishedDate"": null, ""score"": null, ""snippet"": null, ""title"": ""Doubling time of yeast subjected to different nutrients and metabolic operations"", ""url"": ""https://bionumbers.hms.harvard.edu/bionumber.aspx?id=113258&s=n&v=0""}, {""favicon"": ""https://bionumbers.hms.harvard.edu/images/BioFavicon.ico"", ""id"": ""https://bionumbers.hms.harvard.edu/bionumber.aspx?id=108255&s=n&v=5"", ""image"": null, ""publishedDate"": null, ""score"": null, ""snippet"": null, ""title"": ""Doubling time of \""normal\"" laboratory haploid  - Budding yeast Saccharomyces ce - BNID 108255"", ""url"": ""https://bionumbers.hms.harvard.edu/bionumber.aspx?id=108255&s=n&v=5""}, {""favicon"": ""https://bionumbers.hms.harvard.edu/images/BioFavicon.ico"", ""id"": ""https://bionumbers.hms.harvard.edu/bionumber.aspx?id=101747"", ""image"": null, ""publishedDate"": null, ""score"": null, ""snippet"": null, ""title"": ""Population doubling time, percent budded cells, and mean cell volume for different batch culture media"", ""url"": ""https://bionumbers.hms.harvard.edu/bionumber.aspx?id=101747""}, {""favicon"": ""https://bionumbers.hms.harvard.edu/images/BioFavicon.ico"", ""id"": ""https://bionumbers.hms.harvard.edu/bionumber.aspx?id=101310"", ""image"": null, ""publishedDate"": null, ""score"": null, ""snippet"": null, ""title"": ""Doubling time of haploid cell - Budding yeast Saccharomyces ce - BNID 101310"", ""url"": ""https://bionumbers.hms.harvard.edu/bionumber.aspx?id=101310""}, {""favicon"": ""https://bionumbers.hms.harvard.edu/images/BioFavicon.ico"", ""id"": ""https://bionumbers.hms.harvard.edu/bionumber.aspx?id=114003&s=n&v=1"", ""image"": null, ""publishedDate"": null, ""score"": null, ""snippet"": null, ""title"": ""Population doubling time - Yeast - BNID 114003"", ""url"": ""https://bionumbers.hms.harvard.edu/bionumber.aspx?id=114003&s=n&v=1""}, {""favicon"": ""https://bionumbers.hms.harvard.edu/images/BioFavicon.ico"", ""id"": ""https://bionumbers.hms.harvard.edu/bionumber.aspx?id=108255"", ""image"": null, ""publishedDate"": null, ""score"": null, ""snippet"": null, ""title"": ""Doubling time of \""normal\"" laboratory haploid strain"", ""url"": ""https://bionumbers.hms.harvard.edu/bionumber.aspx?id=108255""}], ""costDollars"": {""total"": 0.005}, ""requestId"": ""60a70e82b8b1416d2770fffedb598c89""}"
559292,time_to_adulthood,exa_answer,"{""answer"": {""answer"": ""A few hours to a day."", ""confidence"": ""medium"", ""reasoning"": ""The search results indicate that Saccharomyces cerevisiae is a single-celled yeast with a short doubling time of 1.25–2 hours at 30°C, but do not specify the exact time to sexual maturity or adulthood. Given its rapid cell cycle and reproductive cycle, it reaches sexual maturity within a few hours to a day after germination, which is typical for yeast cells, but precise timing is not explicitly provided in the results.""}, ""citations"": [{""favicon"": null, ""id"": ""https://en.wikipedia.org/wiki/Saccharomyces_cerevisiae"", ""image"": null, ""publishedDate"": null, ""score"": null, ""snippet"": ""As a single-cell organism, S. cerevisiae is small with a short generation time (doubling time 1.25–2 hours at 30 °C or 86 °F) and can be easily cultured. · S."", ""title"": ""Saccharomyces cerevisiae - Wikipedia"", ""url"": ""https://en.wikipedia.org/wiki/Saccharomyces_cerevisiae""}, {""favicon"": ""https://journals.asm.org/products/asmj/releasedAssets/images/favicon/favicon-00a8fd3037d5aa92d2bdc7f904fce44a.ico"", ""id"": ""https://journals.asm.org/doi/10.1128/mr.52.4.536-553.1988"", ""image"": ""https://journals.asm.org/cms/asset/c97bded0-08c1-4c0d-87a9-558f4acc99c0/mr.1988.52.issue-4.largecover.jpg"", ""publishedDate"": ""2024-01-01T00:00:00.000Z"", ""score"": null, ""snippet"": null, ""title"": ""Life cycle of the budding yeast Saccharomyces cerevisiae"", ""url"": ""https://journals.asm.org/doi/10.1128/mr.52.4.536-553.1988""}], ""costDollars"": {""total"": 0.005}, ""requestId"": ""8e297534f56a4042f7409d181dcede3f""}"
559292,ploidy,exa_answer,"{""answer"": {""answer"": ""diploid"", ""confidence"": ""high"", ""reasoning"": ""The second search result states that typical strains of Saccharomyces cerevisiae have a diploid genome containing two copies of each of 16 chromosomes, and haploid cells can exist either briefly or indefinitely. This indicates that the common ploidy of Saccharomyces cerevisiae is diploid.""}, ""citations"": [{""favicon"": null, ""id"": ""https://en.wikipedia.org/wiki/Saccharomyces_cerevisiae"", ""image"": null, ""publishedDate"": null, ""score"": null, ""snippet"": null, ""title"": ""Saccharomyces cerevisiae"", ""url"": ""https://en.wikipedia.org/wiki/Saccharomyces_cerevisiae""}, {""favicon"": ""https://ebrary.net/favicon.png"", ""id"": ""https://ebrary.net/83079/education/life_cycle_saccharomyces_yeasts_genomes_ploidy_aneuploidy_interspecific_hybrids"", ""image"": ""https://ebrary.net/htm/img/16/692/11.png"", ""publishedDate"": null, ""score"": null, ""snippet"": null, ""title"": ""Life cycle of Saccharomyces yeasts; genomes, ploidy, aneuploidy, and interspecific hybrids"", ""url"": ""https://ebrary.net/83079/education/life_cycle_saccharomyces_yeasts_genomes_ploidy_aneuploidy_interspecific_hybrids""}, {""favicon"": ""https://journals.plos.org/resource/img/favicon.ico"", ""id"": ""https://journals.plos.org/plosgenetics/article?id=10.1371%2Fjournal.pgen.1003388"", ""image"": ""https://journals.plos.org/plosgenetics/article/figure/image?id=10.1371/journal.pgen.1003388.g005&size=inline"", ""publishedDate"": null, ""score"": null, ""snippet"": null, ""title"": ""Ancient Evolutionary Trade-Offs between Yeast Ploidy States | PLOS Genetics"", ""url"": ""https://journals.plos.org/plosgenetics/article?id=10.1371%2Fjournal.pgen.1003388""}, {""favicon"": ""https://dx.plos.org/resource/img/favicon.ico"", ""id"": ""https://dx.plos.org/10.1371/journal.pgen.1003388"", ""image"": ""https://journals.plos.org/plosgenetics/article/figure/image?id=10.1371/journal.pgen.1003388.g005&size=inline"", ""publishedDate"": null, ""score"": null, ""snippet"": null, ""title"": ""Ancient Evolutionary Trade-Offs between Yeast Ploidy States | PLOS Genetics"", ""url"": ""https://dx.plos.org/10.1371/journal.pgen.1003388""}], ""costDollars"": {""total"": 0.005}, ""requestId"": ""e77ae7f27dcd4205d5e1569e3c278b28""}"
559292,genetic_manipulation_tools,exa_answer,"{""answer"": {""answer"": ""Standard practice for genetic manipulation of Saccharomyces cerevisiae includes homologous recombination, which is highly efficient due to the yeast's preference for this repair pathway. CRISPR-Cas9 is now widely used for precise, markerless gene editing, allowing site-specific modifications with high efficiency. Other gene editing tools like TALENs and zinc finger nucleases are also known but less common. Transformation methods such as electroporation, spheroplast generation, and biolistics facilitate DNA delivery. Selection markers like URA3 and LEU2 are standard for selecting successful transformants. Reporter systems and expression vectors, often shuttle vectors compatible with E. coli, are employed for gene expression studies. Cloning tools include plasmid vectors and homologous recombination techniques for chromosomal integration or gene disruption."", ""confidence"": ""high"", ""reasoning"": ""The search results indicate that standard practice for genetic manipulation of Saccharomyces cerevisiae includes a variety of tools and techniques. Homologous recombination is a fundamental method, highly efficient in yeast due to its preference for this repair pathway ([Result 1](https://research.chalmers.se/en/publication/545708)). CRISPR-Cas9 has become a widely used, precise gene editing tool, enabling markerless, site-specific modifications with high efficiency ([Results 2](https://benchling.com/pub/ellis-crispr-tools), [5](https://mdpi-res.com/d_attachment/life/life-11-00013/article_deploy/life-11-00013-v3.pdf)). Other gene editing techniques like TALENs and zinc finger nucleases are also known but are less emphasized in the recent literature. Transformation methods include electroporation, spheroplast generation, and biolistics, which facilitate DNA delivery into yeast cells ([Result 1](https://research.chalmers.se/en/publication/545708)). Selection markers commonly used are auxotrophic markers such as URA3 and LEU2, which allow for selection of successful transformants ([Result 1](https://research.chalmers.se/en/publication/545708)). Reporter systems and expression vectors are employed for gene expression analysis and heterologous gene expression, often utilizing shuttle vectors compatible with E. coli ([Result 1](https://research.chalmers.se/en/publication/545708)). Cloning tools include standard plasmid vectors and homologous recombination-based methods for chromosomal integration or gene disruption ([Results 1](https://research.chalmers.se/en/publication/545708), [8](https://link.springer.com/article/10.1186/1471-2164-4-16)). Overall, CRISPR-Cas9 has revolutionized yeast genetic engineering by enabling precise, efficient, and markerless genome editing, supplementing traditional homologous recombination techniques and plasmid-based cloning systems.""}, ""citations"": [{""favicon"": ""https://research.chalmers.se/Images/favicon.ico"", ""id"": ""https://research.chalmers.se/en/publication/545708"", ""image"": ""https://research.chalmers.se/Images/avancez_small.png"", ""publishedDate"": ""2025-04-01T00:00:00.000Z"", ""score"": null, ""snippet"": ""For expression of heterologous genes or overexpression of homologous genes in S. cerevisiae, plasmid vectors are usually employed. Most are ..."", ""title"": ""Genetic Engineering Tools for Saccharomyces cerevisiae"", ""url"": ""https://research.chalmers.se/en/publication/545708""}, {""favicon"": ""https://academic.bnchcdn.com/static/favicon.svg"", ""id"": ""https://benchling.com/pub/ellis-crispr-tools"", ""image"": ""https://academic.bnchcdn.com/static/img/gradient_og_image.png"", ""publishedDate"": null, ""score"": null, ""snippet"": ""These two advancements allow for high-efficiency, markerless editing of the yeast genome, aiding the work flow within the Ellis Lab."", ""title"": ""Quick and easy CRISPR engineering in Saccharomyces cerevisiae"", ""url"": ""https://benchling.com/pub/ellis-crispr-tools""}, {""favicon"": ""https://link.springer.com/oscar-static/img/favicons/darwin/apple-touch-icon-6ef0829b9c.png"", ""id"": ""https://link.springer.com/article/10.1186/1471-2164-4-16"", ""image"": ""https://static-content.springer.com/image/art%3A10.1186%2F1471-2164-4-16/MediaObjects/12864_2003_Article_65_Fig1_HTML.jpg"", ""publishedDate"": ""2003-04-29T00:00:00.000Z"", ""score"": null, ""snippet"": null, ""title"": ""A general cloning system to selectively isolate any eukaryotic or prokaryotic genomic region in yeast | BMC Genomics | Springer Nature Link"", ""url"": ""https://link.springer.com/article/10.1186/1471-2164-4-16""}, {""favicon"": ""https://pubs.acs.org/pb-assets/ux3/favicon-1635812676023.ico"", ""id"": ""https://pubs.acs.org/doi/10.1021/acssynbio.1c00442"", ""image"": ""https://pubs.acs.org/cms/10.1021/acssynbio.1c00442/asset/images/acssynbio.1c00442.social.jpeg_v03"", ""publishedDate"": ""2022-08-08T00:00:00.000Z"", ""score"": null, ""snippet"": ""In this review, the molecular methods and toolkits developed for S. cerevisiae are discussed in terms of their contributions to the required standardization ..."", ""title"": ""Standardization of Synthetic Biology Tools and Assembly Methods ..."", ""url"": ""https://pubs.acs.org/doi/10.1021/acssynbio.1c00442""}, {""favicon"": ""https://cdn.ncbi.nlm.nih.gov/pmc/pd-medc-pmc-cloudpmc-viewer/production/a2b04810/var/data/static/img/favicons/apple-touch-icon.png"", ""id"": ""https://pmc.ncbi.nlm.nih.gov/articles/PMC5319660"", ""image"": ""https://cdn.ncbi.nlm.nih.gov/pmc/cms/images/pmc-card-share.jpg?_=0"", ""publishedDate"": null, ""score"": null, ""snippet"": ""What tool of genetic manipulation do bacteria make?\nClustered regularly-interspaced short palindromic repeats (CRISPR) is a new and effective genetic editing tool. CRISPR was initially found in bacteria to protect it from virus invasions."", ""title"": ""CRISPR as a strong gene editing tool - PMC - NIH"", ""url"": ""https://pmc.ncbi.nlm.nih.gov/articles/PMC5319660""}, {""favicon"": null, ""id"": ""https://mdpi-res.com/d_attachment/life/life-11-00013/article_deploy/life-11-00013-v3.pdf?version=1609729612"", ""image"": null, ""publishedDate"": ""2021-01-04T00:00:00.000Z"", ""score"": null, ""snippet"": null, ""title"": ""CRISPR-Cas9: A Powerful Tool to Efficiently Engineer Saccharomyces cerevisiae"", ""url"": ""https://mdpi-res.com/d_attachment/life/life-11-00013/article_deploy/life-11-00013-v3.pdf?version=1609729612""}, {""favicon"": null, ""id"": ""https://cshprotocols.cshlp.org/content/2016/6/pdb.prot086827"", ""image"": null, ""publishedDate"": null, ""score"": null, ""snippet"": null, ""title"": ""CRISPR–Cas9 Genome Engineering in Saccharomyces cerevisiae Cells"", ""url"": ""https://cshprotocols.cshlp.org/content/2016/6/pdb.prot086827""}, {""favicon"": null, ""id"": ""https://mdpi-res.com/d_attachment/ijms/ijms-24-11960/article_deploy/ijms-24-11960-v2.pdf?version=1690421308"", ""image"": null, ""publishedDate"": ""2023-07-27T00:00:00.000Z"", ""score"": null, ""snippet"": null, ""title"": """", ""url"": ""https://mdpi-res.com/d_attachment/ijms/ijms-24-11960/article_deploy/ijms-24-11960-v2.pdf?version=1690421308""}], ""costDollars"": {""total"": 0.005}, ""requestId"": ""54cec781076a0633d81b971734e827d7""}"
559292,genetic_manipulation_available,exa_answer,"{""answer"": {""answer"": ""yes"", ""confidence"": ""high"", ""reasoning"": ""The search results indicate that various gene editing tools, especially CRISPR-Cas9, are widely used and considered standard practice for genetic manipulation in Saccharomyces cerevisiae. Multiple recent articles describe protocols and applications of CRISPR-Cas9 for precise genome editing, gene knockouts, insertions, and other modifications ([MDPI Life 2021](https://mdpi-res.com/d_attachment/life/life-11-00013/article_deploy/life-11-00013-v3.pdf), [MDPI IJMS 2023](https://mdpi-res.com/d_attachment/ijms/ijms-24-11960/article_deploy/ijms-24-11960-v2.pdf), [Cold Spring Harbor Protocols 2016](https://cshprotocols.cshlp.org/content/2016/6/pdb.prot086827)). These protocols highlight that CRISPR-Cas9 is used for scarless, marker-free genome editing, and the approach is technically accessible and applicable across different strains, including industrial ones. The use of homologous recombination, selection markers, reporter systems, and cloning tools are also integrated into these methods, making them standard components of yeast genetic engineering.""}, ""citations"": [{""favicon"": null, ""id"": ""https://cshprotocols.cshlp.org/content/2016/6/pdb.prot086827"", ""image"": null, ""publishedDate"": null, ""score"": null, ""snippet"": null, ""title"": ""CRISPR–Cas9 Genome Engineering in Saccharomyces cerevisiae Cells"", ""url"": ""https://cshprotocols.cshlp.org/content/2016/6/pdb.prot086827""}, {""favicon"": null, ""id"": ""https://mdpi-res.com/d_attachment/life/life-11-00013/article_deploy/life-11-00013-v3.pdf?version=1609729612"", ""image"": null, ""publishedDate"": ""2021-01-04T00:00:00.000Z"", ""score"": null, ""snippet"": null, ""title"": ""CRISPR-Cas9: A Powerful Tool to Efficiently Engineer Saccharomyces cerevisiae"", ""url"": ""https://mdpi-res.com/d_attachment/life/life-11-00013/article_deploy/life-11-00013-v3.pdf?version=1609729612""}, {""favicon"": null, ""id"": ""https://mdpi-res.com/d_attachment/ijms/ijms-24-11960/article_deploy/ijms-24-11960-v2.pdf?version=1690421308"", ""image"": null, ""publishedDate"": ""2023-07-27T00:00:00.000Z"", ""score"": null, ""snippet"": null, ""title"": """", ""url"": ""https://mdpi-res.com/d_attachment/ijms/ijms-24-11960/article_deploy/ijms-24-11960-v2.pdf?version=1690421308""}, {""favicon"": null, ""id"": ""https://cshprotocols.cshlp.org/content/2016/6/pdb.prot086827.short"", ""image"": ""https://cshprotocols.cshlp.org/local/img/journal_logo.gif"", ""publishedDate"": null, ""score"": null, ""snippet"": null, ""title"": ""CRISPR–Cas9 Genome Engineering in Saccharomyces cerevisiae Cells"", ""url"": ""https://cshprotocols.cshlp.org/content/2016/6/pdb.prot086827.short""}, {""favicon"": null, ""id"": ""https://backend.orbit.dtu.dk/ws/portalfiles/portal/126608566/A_vector_toolkit_for_marker_less_integration_of_genes_into_Saccharomyces_cerevisiae_via_CRISPR_Cas9.pdf"", ""image"": null, ""publishedDate"": ""2025-11-12T00:00:00.000Z"", ""score"": null, ""snippet"": null, ""title"": """", ""url"": ""https://backend.orbit.dtu.dk/ws/portalfiles/portal/126608566/A_vector_toolkit_for_marker_less_integration_of_genes_into_Saccharomyces_cerevisiae_via_CRISPR_Cas9.pdf""}], ""costDollars"": {""total"": 0.005}, ""requestId"": ""0d51a4da571e25f1e81ff1642f682120""}"
559292,crispr,exa_answer,"{""answer"": {""answer"": ""yes"", ""confidence"": ""high"", ""reasoning"": ""Multiple recent articles, including a 2021 review and a 2020 open access article, confirm that CRISPR-Cas9 is actively used for genome editing in Saccharomyces cerevisiae. The 2021 article explicitly states that CRISPR-Cas9 has revolutionized laboratory practices for editing the yeast genome, indicating it is a standard and widely adopted practice ([MDPI](https://mdpi-res.com/d_attachment/life/life-11-00013/article_deploy/life-11-00013-v3.pdf)), ([Oxford Academic](https://academic.oup.com/femsyr/article/doi/10.1093/femsyr/foad002/6987636)).""}, ""citations"": [{""favicon"": ""https://oup.silverchair-cdn.com/UI/app/img/v-638533763038480964/apple-touch-icon.png"", ""id"": ""https://academic.oup.com/femsyr/article/doi/10.1093/femsyr/foad002/6987636"", ""image"": ""https://oup.silverchair-cdn.com/oup/backfile/Content_public/Journal/femsyr/23/10.1093_femsyr_foad002/4/m_foad002fig1g.jpeg?Expires=1782410281&Signature=E9z9I763yH01Yvb-wciWCdVAp8QxKgmFKxTCvBk1MCoOjQOU38E3zNBaELeCbi8bNKPXW3CGZbazikH5m74vI0NLi4iCXFjNNhlusK~1rvRggjIdKKJ1PZ9HzqkfkrMut0RbK~BxCUUkRZUvI6CwOnHOrQAtsGyWk1jn8LS1PIqw0oiASdg4hN61frlWcH5~b7qJ0cI-vK2NgikpS6BVrzoPVS-a5m1xaB-XXDuuuh6DLapD~NJeq2hiuvmfgsMaOcjeNesdx1qLOE5fC2vWBIkJ7TASkfGCwJEpJ5ta1xfIERCF5VeKGyqQS0N-vcNBet1E0v33chuZX-Vf--eRAQ__&Key-Pair-Id=APKAIE5G5CRDK6RD3PGA"", ""publishedDate"": null, ""score"": null, ""snippet"": ""The standard CRISPR-Cas9 system in S. cerevisiae generally requires a system of two different plasmids, one carrying the Cas9 coding sequence, and the other, ..."", ""title"": ""pCEC-red: a new vector for easier and faster CRISPR-Cas9 genome ..."", ""url"": ""https://academic.oup.com/femsyr/article/doi/10.1093/femsyr/foad002/6987636""}, {""favicon"": ""https://religion.llu.edu/bioethics/themes/lluh_school/favicon.ico"", ""id"": ""https://religion.llu.edu/bioethics/adventist-guidelines-genetic-engineering"", ""image"": ""https://religion.llu.edu/bioethics/sites/religion.llu.edu.bioethics/files/logo-ccb.png"", ""publishedDate"": null, ""score"": null, ""snippet"": ""Why are Christians against gene therapy?\nUsing genetic manipulation to develop means of warfare is a direct affront to Christian values of peace and life. It is morally unacceptable to abuse God's creation by changing life-forms into weapons of destruction (Rev. 11:18)."", ""title"": ""Adventist Guidelines on Genetic Engineering - School of Religion"", ""url"": ""https://religion.llu.edu/bioethics/adventist-guidelines-genetic-engineering""}, {""favicon"": ""https://pubs.acs.org/pb-assets/ux3/favicon-1635812676023.ico"", ""id"": ""https://pubs.acs.org/doi/10.1021/acssynbio.3c00685"", ""image"": ""https://pubs.acs.org/cms/10.1021/acssynbio.3c00685/asset/images/acssynbio.3c00685.social.jpeg_v03"", ""publishedDate"": null, ""score"": null, ""snippet"": ""In this review, various aspects of CRISPR/Cas9 in Saccharomyces cerevisiae, from basic principles to practical applications, have been summarized."", ""title"": ""Progress in Gene Editing and Metabolic Regulation of ..."", ""url"": ""https://pubs.acs.org/doi/10.1021/acssynbio.3c00685""}, {""favicon"": null, ""id"": ""https://mdpi-res.com/d_attachment/life/life-11-00013/article_deploy/life-11-00013-v3.pdf?version=1609729612"", ""image"": null, ""publishedDate"": ""2021-01-04T00:00:00.000Z"", ""score"": null, ""snippet"": null, ""title"": ""CRISPR-Cas9: A Powerful Tool to Efficiently Engineer Saccharomyces cerevisiae"", ""url"": ""https://mdpi-res.com/d_attachment/life/life-11-00013/article_deploy/life-11-00013-v3.pdf?version=1609729612""}, {""favicon"": null, ""id"": ""https://cshprotocols.cshlp.org/content/2016/6/pdb.prot086827"", ""image"": null, ""publishedDate"": null, ""score"": null, ""snippet"": null, ""title"": ""CRISPR–Cas9 Genome Engineering in Saccharomyces cerevisiae Cells"", ""url"": ""https://cshprotocols.cshlp.org/content/2016/6/pdb.prot086827""}], ""costDollars"": {""total"": 0.005}, ""requestId"": ""162a00e4150dfdb17165d2e4ca7b3d5c""}"
559292,gfp,exa_answer,"{""answer"": {""answer"": ""yes"", ""confidence"": ""high"", ""reasoning"": ""The first result discusses the use of fluorescent protein vectors, including green fluorescent protein (GFP), in S. cerevisiae, indicating its application as a reporter. The second result explicitly mentions GFP in S. cerevisiae in the context of real-time studies, confirming its use as a reporter. Both sources support that GFP is commonly used as a reporter in S. cerevisiae.""}, ""citations"": [{""favicon"": ""https://journals.plos.org/resource/img/favicon.ico"", ""id"": ""https://journals.plos.org/plosone/article?id=10.1371%2Fjournal.pone.0067902"", ""image"": ""https://journals.plos.org/plosone/article/figure/image?id=10.1371/journal.pone.0067902.g005&size=inline"", ""publishedDate"": ""2013-07-02T00:00:00.000Z"", ""score"": null, ""snippet"": null, ""title"": ""Improved Blue, Green, and Red Fluorescent Protein Tagging Vectors for S. cerevisiae | PLOS One"", ""url"": ""https://journals.plos.org/plosone/article?id=10.1371%2Fjournal.pone.0067902""}, {""favicon"": ""https://analyticalsciencejournals.onlinelibrary.wiley.com/favicon.ico"", ""id"": ""https://analyticalsciencejournals.onlinelibrary.wiley.com/doi/10.1002/1097-0290(20001020)70:2<187::AID-BIT8>3.0.CO;2-H"", ""image"": ""https://analyticalsciencejournals.onlinelibrary.wiley.com/cms/asset/80cc2548-d5e0-4eec-aa01-1b052ea7c294/bit.v121.7.cover.jpg?trick=1719999582710"", ""publishedDate"": ""2000-10-20T00:00:00.000Z"", ""score"": null, ""snippet"": null, ""title"": ""Green fluorescent protein in  Saccharomyces cerevisiae:  Real-time studies of the  GAL1  promoter"", ""url"": ""https://analyticalsciencejournals.onlinelibrary.wiley.com/doi/10.1002/1097-0290(20001020)70:2<187::AID-BIT8>3.0.CO;2-H""}], ""costDollars"": {""total"": 0.005}, ""requestId"": ""6f6684e8bcc20ca5dee1881ae0a6ef05""}"
559292,rnai,exa_answer,"{""answer"": {""answer"": ""no"", ""confidence"": ""high"", ""reasoning"": ""Recent literature indicates that RNA interference (RNAi) is not naturally present in Saccharomyces cerevisiae, but it has been reconstituted in this species for research and engineering purposes. The 2009 study shows RNAi was found in related budding yeasts but not in S. cerevisiae. However, recent advances, including a 2020 review, describe the reconstitution of RNAi machinery in S. cerevisiae, enabling its use for strain engineering and functional genomics, suggesting it is now a practical tool rather than a natural or standard practice.""}, ""citations"": [{""favicon"": ""https://pubs.acs.org/pb-assets/ux3/favicon-1635812676023.ico"", ""id"": ""https://pubs.acs.org/doi/10.1021/sb500074a"", ""image"": ""https://pubs.acs.org/cms/10.1021/sb500074a/asset/images/sb500074a.social.jpeg_v03"", ""publishedDate"": null, ""score"": null, ""snippet"": ""Here, we report RNA interference (RNAi)-assisted genome evolution (RAGE) as a generally applicable method for genome-scale engineering in the yeast ..."", ""title"": ""RNAi-Assisted Genome Evolution in Saccharomyces ..."", ""url"": ""https://pubs.acs.org/doi/10.1021/sb500074a""}, {""favicon"": ""https://wi.mit.edu/themes/custom/whitehead/favicon.ico"", ""id"": ""https://wi.mit.edu/news/rna-interference-found-budding-yeasts"", ""image"": null, ""publishedDate"": ""2009-09-10T00:00:00.000Z"", ""score"": null, ""snippet"": ""Some budding yeast species have the ability to silence genes using RNA interference (RNAi). Until now, most researchers thought that no ..."", ""title"": ""RNA interference found in budding yeasts | Whitehead Institute"", ""url"": ""https://wi.mit.edu/news/rna-interference-found-budding-yeasts""}, {""favicon"": ""https://static2.frontiersin.org/static-resources/tenants/frontiers/favicon_16-tenantFavicon-Frontiers.png"", ""id"": ""https://frontiersin.org/journals/bioengineering-and-biotechnology/articles/10.3389/fbioe.2020.00731/full"", ""image"": ""https://images-provider.frontiersin.org/api/ipx/w=1200&f=png/https://www.frontiersin.org/files/Articles/553001/fbioe-08-00731-HTML/image_m/fbioe-08-00731-g001.jpg"", ""publishedDate"": ""2020-07-02T15:26:15.000Z"", ""score"": null, ""snippet"": null, ""title"": ""Advances in RNAi-Assisted Strain Engineering in  Saccharomyces cerevisiae"", ""url"": ""https://www.frontiersin.org/journals/bioengineering-and-biotechnology/articles/10.3389/fbioe.2020.00731/full""}, {""favicon"": null, ""id"": ""https://frontiersin.org/articles/10.3389/fbioe.2020.00731/pdf"", ""image"": null, ""publishedDate"": ""2020-06-30T00:00:00.000Z"", ""score"": null, ""snippet"": null, ""title"": """", ""url"": ""https://www.frontiersin.org/articles/10.3389/fbioe.2020.00731/pdf""}, {""favicon"": null, ""id"": ""https://eurekaselect.com/article/94781"", ""image"": ""http://eurekaselect.com/images/bentham/cdt-2020.jpg"", ""publishedDate"": ""2026-03-30T00:00:00.000Z"", ""score"": null, ""snippet"": null, ""title"": ""Saccharomyces cerevisiae (Baker’s Yeast) as an Interfering RNA Expression and Delivery System"", ""url"": ""https://www.eurekaselect.com/article/94781""}], ""costDollars"": {""total"": 0.005}, ""requestId"": ""f4d8a2090058a31f8a9edafcb80ca865""}"
559292,transformation,exa_answer,"{""answer"": {""answer"": ""yes"", ""confidence"": ""high"", ""reasoning"": ""The search results confirm that various methods, including chemical transformation with lithium acetate, electroporation, and other techniques, are documented and used as standard practices for transforming Saccharomyces cerevisiae. These methods are supported by protocols and recent research publications, indicating their common use in yeast genetic manipulation.""}, ""citations"": [{""favicon"": null, ""id"": ""https://med.nyu.edu/klein/PDFs/Transformation of Yeast.pdf"", ""image"": null, ""publishedDate"": null, ""score"": null, ""snippet"": ""Transformation efficiency remains constant for three to four divisions. 4. Harvest the culture in a sterile 50-ml centrifuge tube at 3000g (2500 rpm) for 5."", ""title"": ""[PDF] Transformation of Yeast (This protocol is taken from Methods in ..."", ""url"": ""https://med.nyu.edu/klein/PDFs/Transformation of Yeast.pdf""}, {""favicon"": ""https://www.singerinstruments.com/wp-content/uploads/2022/04/favicon.ico"", ""id"": ""https://singerinstruments.com/citation/high-throughput-transformation-of-saccharomyces-cerevisiae-using-liquid-handling-robots"", ""image"": null, ""publishedDate"": ""2022-03-28T00:00:00.000Z"", ""score"": null, ""snippet"": ""Using our optimized method, we are able to comfortably transform approximately 1200 individual strains per day, allowing complete transformation ..."", ""title"": ""High-throughput transformation of Saccharomyces cerevisiae using ..."", ""url"": ""https://www.singerinstruments.com/citation/high-throughput-transformation-of-saccharomyces-cerevisiae-using-liquid-handling-robots""}, {""favicon"": ""https://experiments.springernature.com/assets/images/ed57f42bd2b7e21c03bd511dc4bb5ac3-favicon.ico"", ""id"": ""https://experiments.springernature.com/articles/10.1007/978-1-4939-9740-4_21"", ""image"": ""https://experiments.springernature.com/assets/images/experiments_social.png"", ""publishedDate"": null, ""score"": null, ""snippet"": null, ""title"": ""Electrotransformation of Saccharomyces cerevisiae | Springer Nature Experiments"", ""url"": ""https://experiments.springernature.com/articles/10.1007/978-1-4939-9740-4_21""}], ""costDollars"": {""total"": 0.005}, ""requestId"": ""cc563df8796f0b8050a9c1cb2bfd5004""}"
559292,transposon,exa_answer,"{""answer"": {""answer"": ""yes"", ""confidence"": ""high"", ""reasoning"": ""Multiple recent studies and protocols demonstrate that transposon systems, including insertion mutagenesis and transposon-based tools, are widely used and considered standard practice for large-scale genetic analysis in Saccharomyces cerevisiae. These methods facilitate genome-wide mutagenesis, gene function analysis, and phenotypic screening, indicating their status as standard tools in yeast genetics ([Result 1](https://link.springer.com/doi/10.1007/978-1-59745-321-9_8), [Result 2](https://link.springer.com/protocol/10.1007/978-1-61779-197-0_13), [Result 3](https://cshprotocols.cshlp.org/content/2016/6/pdb.top080259), [Result 4](http://www.nature.com/articles/s41467-022-29228-1)).""}, ""citations"": [{""favicon"": ""https://link.springer.com/oscar-static/img/favicons/darwin/apple-touch-icon-6ef0829b9c.png"", ""id"": ""https://link.springer.com/doi/10.1007/978-1-59745-321-9_8"", ""image"": ""https://static-content.springer.com/cover/book/978-1-59745-321-9.jpg"", ""publishedDate"": null, ""score"": null, ""snippet"": null, ""title"": ""Multipurpose Transposon Insertion Libraries for Large-Scale Analysis of Gene Function in Yeast | Springer Nature Link"", ""url"": ""https://link.springer.com/doi/10.1007/978-1-59745-321-9_8""}, {""favicon"": null, ""id"": ""https://cshprotocols.cshlp.org/content/2016/6/pdb.top080259"", ""image"": null, ""publishedDate"": ""2016-06-01T00:00:00.000Z"", ""score"": null, ""snippet"": null, ""title"": ""Multipurpose Transposon-Insertion Libraries in Yeast"", ""url"": ""https://cshprotocols.cshlp.org/content/2016/6/pdb.top080259""}, {""favicon"": ""https://nature.com/static/images/favicons/nature/apple-touch-icon-f39cb19454.png"", ""id"": ""https://nature.com/articles/s41467-022-29228-1"", ""image"": ""https://media.springernature.com/m685/springer-static/image/art%3A10.1038%2Fs41467-022-29228-1/MediaObjects/41467_2022_29228_Fig1_HTML.png"", ""publishedDate"": ""2022-03-21T00:00:00.000Z"", ""score"": null, ""snippet"": null, ""title"": ""Transposon insertional mutagenesis of diverse yeast strains suggests coordinated gene essentiality polymorphisms | Nature Communications"", ""url"": ""http://www.nature.com/articles/s41467-022-29228-1""}, {""favicon"": ""https://link.springer.com/oscar-static/img/favicons/darwin/apple-touch-icon-92e819bf8a.png"", ""id"": ""https://link.springer.com/protocol/10.1007/978-1-61779-197-0_13?error=cookies_not_supported&code=845cf05f-9483-41ab-946a-87b18ea87e58"", ""image"": ""https://static-content.springer.com/cover/book/978-1-61779-197-0.jpg"", ""publishedDate"": ""2020-07-17T00:00:00.000Z"", ""score"": null, ""snippet"": null, ""title"": ""Genome-Wide Transposon Mutagenesis in  Saccharomyces cerevisiae  and  Candida albicans"", ""url"": ""https://link.springer.com/protocol/10.1007/978-1-61779-197-0_13?error=cookies_not_supported&code=845cf05f-9483-41ab-946a-87b18ea87e58""}], ""costDollars"": {""total"": 0.005}, ""requestId"": ""2f5ddba5006e81622c1fe206687eb488""}"
559292,vector,exa_answer,"{""answer"": {""answer"": ""yes"", ""confidence"": ""high"", ""reasoning"": ""Multiple sources, including scientific articles and biotech resources, confirm that vector systems, such as shuttle vectors, expression vectors, and cloning vectors, are standard practice for Saccharomyces cerevisiae. These vectors are widely used for gene expression, genetic manipulation, and transformation in yeast research and industrial applications ([Wiley](https://onlinelibrary.wiley.com/doi/full/10.1002/yea.3228), [Addgene](https://blog.addgene.org/plasmids-101-yeast-vectors), [Thermo Fisher](https://www.thermofisher.com/us/en/home/technical-resources/technical-reference-library/protein-expression-support-center/yeast-expression-support.html)).""}, ""citations"": [{""favicon"": ""https://blog.addgene.org/hubfs/addgene-favicon.png"", ""id"": ""https://blog.addgene.org/plasmids-101-yeast-vectors"", ""image"": ""https://blog.addgene.org/hs-fs/hub/306096/file-537855524.png"", ""publishedDate"": ""2014-02-25T00:00:00.000Z"", ""score"": null, ""snippet"": ""To be useful in the lab, the vectors must contain a yeast-specific origin of replication (ORI) and a means of selection in yeast cells, in ..."", ""title"": ""Plasmids 101: Yeast Vectors - Addgene Blog"", ""url"": ""https://blog.addgene.org/plasmids-101-yeast-vectors""}, {""favicon"": ""https://onlinelibrary.wiley.com/favicon.ico"", ""id"": ""https://onlinelibrary.wiley.com/doi/full/10.1002/yea.3228"", ""image"": ""https://onlinelibrary.wiley.com/cms/asset/cd0aa29c-460b-45d0-b002-5e7a647d7fae/yea.v34.5.cover.jpg?trick=1752552933524"", ""publishedDate"": ""2017-05-01T00:00:00.000Z"", ""score"": null, ""snippet"": null, ""title"": ""Saccharomyces cerevisiae  Shuttle vectors"", ""url"": ""https://onlinelibrary.wiley.com/doi/full/10.1002/yea.3228""}, {""favicon"": ""https://en.vectorbuilder.com/static/tmp/img/safari-pinned-tab.84a48461931e86674dbcd82fa4e21ed3.svg"", ""id"": ""https://en.vectorbuilder.com/resources/vector-system/pSC_Ex.html"", ""image"": ""https://en.vectorbuilder.com/static/tmp/img/icon-vectorbee.8fce12766ff5510ba1ab94574e9c53e3.png.webp"", ""publishedDate"": null, ""score"": null, ""snippet"": ""Need to overexpress your target genes in yeast for studying gene function? Order custom S.cerevisiae yeast gene expression vectors form VectorBuilder today."", ""title"": ""S. cerevisiae Yeast Gene Expression Vector - VectorBuilder"", ""url"": ""https://en.vectorbuilder.com/resources/vector-system/pSC_Ex.html""}, {""favicon"": ""https://thermofisher.com/favicon.ico"", ""id"": ""https://thermofisher.com/us/en/home/technical-resources/technical-reference-library/protein-expression-support-center/yeast-expression-support/yeast-expression-support-getting-started.html"", ""image"": ""https://www.thermofisher.com"", ""publishedDate"": null, ""score"": null, ""snippet"": ""... Saccharomyces cerevisiae yeast system, from selection of the correct vector and yeast strain to help with yeast culture, transformation and expression."", ""title"": ""Yeast Expression Support—Getting Started - Thermo Fisher Scientific"", ""url"": ""https://www.thermofisher.com/us/en/home/technical-resources/technical-reference-library/protein-expression-support-center/yeast-expression-support/yeast-expression-support-getting-started.html""}, {""favicon"": ""https://pubs.acs.org/pb-assets/ux3/favicon-1635812676023.ico"", ""id"": ""https://pubs.acs.org/doi/10.1021/acssynbio.1c00442"", ""image"": ""https://pubs.acs.org/cms/10.1021/acssynbio.1c00442/asset/images/acssynbio.1c00442.social.jpeg_v03"", ""publishedDate"": ""2022-08-08T00:00:00.000Z"", ""score"": null, ""snippet"": ""In this review, the molecular methods and toolkits developed for S. cerevisiae are discussed in terms of their contributions to the required standardization ..."", ""title"": ""Standardization of Synthetic Biology Tools and Assembly Methods ..."", ""url"": ""https://pubs.acs.org/doi/10.1021/acssynbio.1c00442""}, {""favicon"": ""https://bmcmolbiol.biomedcentral.com/oscar-static/img/favicons/darwin/apple-touch-icon-6ef0829b9c.png"", ""id"": ""https://bmcmolbiol.biomedcentral.com/articles/10.1186/1471-2199-13-30"", ""image"": ""https://static-content.springer.com/image/art%3A10.1186%2F1471-2199-13-30/MediaObjects/12867_2012_Article_640_Fig1_HTML.jpg"", ""publishedDate"": ""2012-09-20T00:00:00.000Z"", ""score"": null, ""snippet"": null, ""title"": ""A MultiSite GatewayTM vector set for the functional analysis of genes in the model Saccharomyces cerevisiae | BMC Molecular Biology | Springer Nature Link"", ""url"": ""https://bmcmolbiol.biomedcentral.com/articles/10.1186/1471-2199-13-30""}, {""favicon"": ""https://link.springer.com/oscar-static/img/favicons/darwin/apple-touch-icon-6ef0829b9c.png"", ""id"": ""https://link.springer.com/article/10.1186/1475-2859-12-96"", ""image"": ""https://static-content.springer.com/image/art%3A10.1186%2F1475-2859-12-96/MediaObjects/12934_2013_Article_891_Fig1_HTML.jpg"", ""publishedDate"": ""2013-10-25T00:00:00.000Z"", ""score"": null, ""snippet"": null, ""title"": ""Dual gene expression cassette vectors with antibiotic selection markers for engineering in Saccharomyces cerevisiae | Microbial Cell Factories | Springer Nature Link"", ""url"": ""https://link.springer.com/article/10.1186/1475-2859-12-96""}, {""favicon"": ""https://oup.silverchair-cdn.com/UI/app/img/v-638533763038480964/apple-touch-icon.png"", ""id"": ""https://academic.oup.com/jimb/article/42/11/1519/5995357?login=false"", ""image"": ""https://oup.silverchair-cdn.com/oup/backfile/Content_public/Journal/jimb/Issue/42/11/4/m_cover.gif?Expires=1782477092&Signature=QDEE00MQlKlqzOG8Q7EoFAfKhkg-1I7b9uy0X5efDcdv8-hNC1kK6BvMKX-vevaG2s5NYiIaxNj0b12YghoqolvWPW5-ZSkgC2I9ncIWiushr7Zhus1uVwApYHpYOgLDQhjEsh6gDrxOuOVTVxB4V8WfW4d2PW6nQR3GFZKwI7O552CeijsFLoYeWmbnvJ7ZMuowWJIRRe0TvGIdMaGdgs1~ti0gafWQO3iy~aMtXjHAUsIpzwyOmxr0sZDnRLY2xoc85SaSU3HfotHvNf657uSaxUtjUnsCe9WTUrsnlcViw36OUVIrNa-UuAfstimaSxbU2klFu7TiNFTG-YaOjw__&Key-Pair-Id=APKAIE5G5CRDK6RD3PGA"", ""publishedDate"": ""2015-11-01T00:00:00.000Z"", ""score"": null, ""snippet"": null, ""title"": ""EasyClone 2.0: expanded toolkit of integrative vectors for stable gene expression in industrial  Saccharomyces cerevisiae  strains"", ""url"": ""https://academic.oup.com/jimb/article/42/11/1519/5995357?login=false""}], ""costDollars"": {""total"": 0.005}, ""requestId"": ""6f170f78681ef41e52942cabf3969192""}"
559292,mutagenesis,exa_answer,"{""answer"": {""answer"": ""yes"", ""confidence"": ""high"", ""reasoning"": ""Multiple recent sources indicate that mutagenesis techniques are indeed used in Saccharomyces cerevisiae research. Protocols involving chemical mutagens, UV light, X-rays, and targeted mutagenesis methods like in vivo overlap extension are documented as standard practices in scientific studies ([SpringerLink](https://link.springer.com/protocol/10.1385/0-89603-319-8:17), [Springer Nature](https://experiments.springernature.com/articles/10.1007/978-1-60761-652-8_1), [Biomed Central](https://jbioleng.biomedcentral.com/articles/10.1186/s13036-022-00315-7), [Wiley Online Library](https://onlinelibrary.wiley.com/doi/10.1002/yea.1397)).""}, ""citations"": [{""favicon"": ""https://experiments.springernature.com/assets/images/ed57f42bd2b7e21c03bd511dc4bb5ac3-favicon.ico"", ""id"": ""https://experiments.springernature.com/articles/10.1007/978-1-60761-652-8_1"", ""image"": ""https://experiments.springernature.com/assets/images/experiments_social.png"", ""publishedDate"": null, ""score"": null, ""snippet"": null, ""title"": ""Mutagenesis Protocols in Saccharomyces cerevisiae by In Vivo Overlap Extension | Springer Nature Experiments"", ""url"": ""https://experiments.springernature.com/articles/10.1007/978-1-60761-652-8_1""}, {""favicon"": ""https://jbioleng.biomedcentral.com/static/img/favicons/bmc/apple-touch-icon-582ef1d0f5.png"", ""id"": ""https://jbioleng.biomedcentral.com/articles/10.1186/s13036-022-00315-7"", ""image"": ""https://static-content.springer.com/image/art%3A10.1186%2Fs13036-022-00315-7/MediaObjects/13036_2022_315_Fig1_HTML.png"", ""publishedDate"": ""2022-12-27T00:00:00.000Z"", ""score"": null, ""snippet"": null, ""title"": ""High throughput mutagenesis and screening for yeast engineering"", ""url"": ""https://jbioleng.biomedcentral.com/articles/10.1186/s13036-022-00315-7""}, {""favicon"": ""https://onlinelibrary.wiley.com/favicon.ico"", ""id"": ""https://onlinelibrary.wiley.com/doi/10.1002/yea.1397"", ""image"": ""https://onlinelibrary.wiley.com/cms/asset/dd6fa912-58a1-47ea-a3e9-24a392c2901c/yea.v41.6.cover.jpg?trick=1719953541553"", ""publishedDate"": ""2006-08-01T00:00:00.000Z"", ""score"": null, ""snippet"": null, ""title"": ""A two-step method for the introduction of single or multiple defined point mutations into the genome of  Saccharomyces cerevisiae"", ""url"": ""https://onlinelibrary.wiley.com/doi/10.1002/yea.1397""}, {""favicon"": ""https://link.springer.com/oscar-static/img/favicons/darwin/apple-touch-icon-92e819bf8a.png"", ""id"": ""https://link.springer.com/protocol/10.1385/0-89603-319-8:17?error=cookies_not_supported&code=68bd52d1-1d6e-4a7f-9e7e-f5ae8744e27c"", ""image"": ""https://static-content.springer.com/cover/book/978-1-59259-540-2.jpg"", ""publishedDate"": ""2021-06-30T00:00:00.000Z"", ""score"": null, ""snippet"": null, ""title"": ""Mutagenesis in Yeast"", ""url"": ""https://link.springer.com/protocol/10.1385/0-89603-319-8:17?error=cookies_not_supported&code=68bd52d1-1d6e-4a7f-9e7e-f5ae8744e27c""}], ""costDollars"": {""total"": 0.005}, ""requestId"": ""bc598145492ccdc83e475396fce6fd17""}"
559292,mutant_library,exa_answer,"{""answer"": {""answer"": ""yes"", ""confidence"": ""high"", ""reasoning"": ""Multiple recent sources indicate that mutant libraries are widely used for Saccharomyces cerevisiae. For example, a 2025 overview discusses the revolution brought by genome-wide yeast mutant libraries, and other sources describe specific collections of mutagenized strains and methods for library preparation, showing their common use in research ([febs.onlinelibrary.wiley.com](https://febs.onlinelibrary.wiley.com/doi/10.1111/febs.70325), [horizondiscovery.com](https://horizondiscovery.com/en/non-mammalian-research-tools/products/s-cerevisiae-mtn-collection), [springer.com](https://experiments.springernature.com/articles/10.1385/1-59259-395-X:17)).""}, ""citations"": [{""favicon"": ""https://febs.onlinelibrary.wiley.com/favicon.ico"", ""id"": ""https://febs.onlinelibrary.wiley.com/doi/10.1111/febs.70325"", ""image"": ""https://febs.onlinelibrary.wiley.com/cms/asset/99724876-4abe-47f1-9467-63e69322510f/febs70325-toc-0001-m.jpg?trick=1774887121163"", ""publishedDate"": ""2025-11-21T00:00:00.000Z"", ""score"": null, ""snippet"": ""Systematic, genome-wide yeast mutant libraries have revolutionized systems and cell biology. By allowing high-throughput interrogation of ..."", ""title"": ""A comprehensive overview of yeast libraries and their role in ..."", ""url"": ""https://febs.onlinelibrary.wiley.com/doi/10.1111/febs.70325""}, {""favicon"": null, ""id"": ""https://horizondiscovery.com/en/non-mammalian-research-tools/products/s-cerevisiae-mtn-collection"", ""image"": null, ""publishedDate"": null, ""score"": null, ""snippet"": ""The mTn technology has been used for large-scale functional analysis of the yeast genome. Access to the resulting gene data, protocols and publications are ..."", ""title"": ""S. cerevisiae mTn Collection - Horizon Discovery"", ""url"": ""https://horizondiscovery.com/en/non-mammalian-research-tools/products/s-cerevisiae-mtn-collection""}, {""favicon"": ""https://experiments.springernature.com/assets/images/ed57f42bd2b7e21c03bd511dc4bb5ac3-favicon.ico"", ""id"": ""https://experiments.springernature.com/articles/10.1385/1-59259-395-X:17"", ""image"": ""https://experiments.springernature.com/assets/images/experiments_social.png"", ""publishedDate"": null, ""score"": null, ""snippet"": null, ""title"": ""Preparing Libraries in Saccharomyces cerevisiae | Springer Nature Experiments"", ""url"": ""https://experiments.springernature.com/articles/10.1385/1-59259-395-X:17""}, {""favicon"": null, ""id"": ""https://en.wikipedia.org/wiki/Saccharomyces_cerevisiae"", ""image"": null, ""publishedDate"": null, ""score"": null, ""snippet"": ""What is Saccharomyces cerevisiae used in household products?\nS. cerevisiae is used in baking; the carbon dioxide generated by the fermentation is used as a leavening agent in bread and other baked goods."", ""title"": ""Saccharomyces cerevisiae - Wikipedia"", ""url"": ""https://en.wikipedia.org/wiki/Saccharomyces_cerevisiae""}, {""favicon"": ""https://experiments.springernature.com/assets/images/ed57f42bd2b7e21c03bd511dc4bb5ac3-favicon.ico"", ""id"": ""https://experiments.springernature.com/articles/10.1385/1-59259-395-X:17?error=cookies_not_supported&code=0f414915-e093-4613-b654-6b9239c7d8d7"", ""image"": ""https://s3-eu-central-1.amazonaws.com/s3-service-broker-dev-4a819293-bca2-441a-827d-257c8b47606a/open-graph-image/experiments-social.png"", ""publishedDate"": ""2020-01-01T00:00:00.000Z"", ""score"": null, ""snippet"": null, ""title"": ""Preparing Libraries in  Saccharomyces cerevisiae"", ""url"": ""https://experiments.springernature.com/articles/10.1385/1-59259-395-X:17?error=cookies_not_supported&code=0f414915-e093-4613-b654-6b9239c7d8d7""}, {""favicon"": ""https://jbioleng.biomedcentral.com/static/img/favicons/bmc/apple-touch-icon-582ef1d0f5.png"", ""id"": ""https://jbioleng.biomedcentral.com/articles/10.1186/s13036-022-00315-7"", ""image"": ""https://static-content.springer.com/image/art%3A10.1186%2Fs13036-022-00315-7/MediaObjects/13036_2022_315_Fig1_HTML.png"", ""publishedDate"": ""2022-12-27T00:00:00.000Z"", ""score"": null, ""snippet"": null, ""title"": ""High throughput mutagenesis and screening for yeast engineering"", ""url"": ""https://jbioleng.biomedcentral.com/articles/10.1186/s13036-022-00315-7""}, {""favicon"": ""https://link.springer.com/oscar-static/img/favicons/darwin/apple-touch-icon-6ef0829b9c.png"", ""id"": ""https://link.springer.com/protocol/10.1007/978-1-61779-477-3_1?error=cookies_not_supported&code=98204211-0398-4732-b03e-0cc241b3394e"", ""image"": ""https://static-content.springer.com/cover/book/978-1-61779-477-3.jpg"", ""publishedDate"": ""2022-12-27T00:00:00.000Z"", ""score"": null, ""snippet"": null, ""title"": ""Strain Construction and Screening Methods for a Yeast Histone H3/H4 Mutant Library"", ""url"": ""https://link.springer.com/protocol/10.1007/978-1-61779-477-3_1?error=cookies_not_supported&code=98204211-0398-4732-b03e-0cc241b3394e""}], ""costDollars"": {""total"": 0.005}, ""requestId"": ""6c0173142e5b4b03d01f5f2435c06597""}"
559292,imaging,exa_answer,"{""answer"": {""answer"": ""Standard practice for imaging Saccharomyces cerevisiae involves fluorescence microscopy using GFP-tagged proteins and dyes like DAPI, combined with high-resolution techniques such as 3D microscopy and differential interference contrast (DIC). These methods utilize fluorescent markers and cooled CCD cameras for sensitive detection, allowing detailed visualization of cellular structures and dynamics in live cells."", ""confidence"": ""high"", ""reasoning"": ""The search results indicate that standard imaging techniques for Saccharomyces cerevisiae include live cell fluorescence microscopy, especially using green fluorescent protein (GFP) fusion proteins to label specific proteins or organelles. These methods often involve three-dimensional imaging, low excitation light to prevent photobleaching, and high-efficiency microscopy optics with cooled CCD cameras for capturing fluorescent signals ([Result 1](https://sorger.med.harvard.edu/wordpress/wp-content/uploads/2012/01/Live-Cell-Imaging-of-Yeast-Rines-Sorger.pdf), [Result 2](https://bloomlab.web.unc.edu/wp-content/uploads/sites/11326/2016/01/Imaging-GFP-fusion-proteins-in-Saccharomyces-cerevisiae.pdf)). Fluorescent markers such as GFP and dyes like DAPI are commonly used, and high-resolution imaging techniques like differential interference contrast (DIC) are combined with fluorescence for detailed cellular visualization ([Result 2](https://bloomlab.web.unc.edu/wp-content/uploads/sites/11326/2016/01/Imaging-GFP-fusion-proteins-in-Saccharomyces-cerevisiae.pdf)). Additionally, advanced methods include 3D microscopy and live cell imaging to study dynamic processes in yeast cells ([Result 1](https://sorger.med.harvard.edu/wordpress/wp-content/uploads/2012/01/Live-Cell-Imaging-of-Yeast-Rines-Sorger.pdf)).""}, ""citations"": [{""favicon"": null, ""id"": ""https://sorger.med.harvard.edu/wordpress/wp-content/uploads/2012/01/Live-Cell-Imaging-of-Yeast-Rines-Sorger.pdf"", ""image"": null, ""publishedDate"": null, ""score"": null, ""snippet"": ""Like other cell types, S. cerevisiae appears to be more sensitive to blue light (~420–480 nm) than to near- ultraviolet (UV) or infrared irradiation. This ..."", ""title"": ""[PDF] Live Cell Imaging of Yeast | Sorger"", ""url"": ""https://sorger.med.harvard.edu/wordpress/wp-content/uploads/2012/01/Live-Cell-Imaging-of-Yeast-Rines-Sorger.pdf""}, {""favicon"": null, ""id"": ""https://bloomlab.web.unc.edu/wp-content/uploads/sites/11326/2016/01/Imaging-GFP-fusion-proteins-in-Saccharomyces-cerevisiae.pdf"", ""image"": null, ""publishedDate"": null, ""score"": null, ""snippet"": ""Methods are also described for combining fluorescent images of the microtubules labeled with dynein–GFP with high resolution differential interference contrast ..."", ""title"": ""[PDF] Imaging green fluorescent protein fusion proteins in Saccharomyces ..."", ""url"": ""https://bloomlab.web.unc.edu/wp-content/uploads/sites/11326/2016/01/Imaging-GFP-fusion-proteins-in-Saccharomyces-cerevisiae.pdf""}, {""favicon"": ""https://app.jove.com/logo192.webp"", ""id"": ""https://app.jove.com/t/63846/visualizing-yeast-organelles-with-fluorescent-protein-markers"", ""image"": null, ""publishedDate"": ""2022-04-20T15:00:00.000Z"", ""score"": null, ""snippet"": null, ""title"": ""Visualizing Yeast Organelles with Fluorescent Protein Markers"", ""url"": ""https://app.jove.com/t/63846/visualizing-yeast-organelles-with-fluorescent-protein-markers""}, {""favicon"": ""https://experiments.springernature.com/assets/images/ed57f42bd2b7e21c03bd511dc4bb5ac3-favicon.ico"", ""id"": ""https://experiments.springernature.com/articles/10.1007/978-1-4939-1363-3_7?error=cookies_not_supported&code=f7198668-2286-46a1-805d-217b7d2f7e84"", ""image"": ""https://s3-eu-central-1.amazonaws.com/s3-service-broker-dev-4a819293-bca2-441a-827d-257c8b47606a/open-graph-image/experiments-social.png"", ""publishedDate"": ""2025-01-01T00:00:00.000Z"", ""score"": null, ""snippet"": null, ""title"": ""Single Yeast Cell Imaging"", ""url"": ""https://experiments.springernature.com/articles/10.1007/978-1-4939-1363-3_7?error=cookies_not_supported&code=f7198668-2286-46a1-805d-217b7d2f7e84""}], ""costDollars"": {""total"": 0.005}, ""requestId"": ""5ce0bc7a9b793342b864e6ff8ae28353""}"
559292,phenotype_screening,exa_answer,"{""answer"": {""answer"": ""yes"", ""confidence"": ""high"", ""reasoning"": ""The search results indicate that phenotype screening and analysis methods are actively used in research involving Saccharomyces cerevisiae. For example, genome-wide imaging-based phenomic screening and high-throughput screening workflows are discussed as current methodologies, suggesting that these practices are standard in the field ([Result 2](https://experiments.springernature.com/articles/10.1007/978-1-0716-0868-5_8), [Result 1](https://pubs.acs.org/doi/10.1021/acssynbio.3c00396)).""}, ""citations"": [{""favicon"": ""https://pubs.acs.org/pb-assets/ux3/favicon-1635812676023.ico"", ""id"": ""https://pubs.acs.org/doi/10.1021/acssynbio.3c00396"", ""image"": ""https://pubs.acs.org/cms/10.1021/acssynbio.3c00396/asset/images/acssynbio.3c00396.social.jpeg_v03"", ""publishedDate"": null, ""score"": null, ""snippet"": ""We propose a workflow that couples HTP screening of common precursors (eg, amino acids) that can be screened either directly or by artificial biosensors."", ""title"": ""Coupling High-Throughput and Targeted Screening for Identification ..."", ""url"": ""https://pubs.acs.org/doi/10.1021/acssynbio.3c00396""}, {""favicon"": ""https://experiments.springernature.com/assets/images/ed57f42bd2b7e21c03bd511dc4bb5ac3-favicon.ico"", ""id"": ""https://experiments.springernature.com/articles/10.1007/978-1-0716-0868-5_8"", ""image"": ""https://experiments.springernature.com/assets/images/experiments_social.png"", ""publishedDate"": null, ""score"": null, ""snippet"": null, ""title"": ""Genome-Wide Imaging-Based Phenomic Screening Using Yeast (Saccharomyces cerevisiae) Strain Collections | Springer Nature Experiments"", ""url"": ""https://experiments.springernature.com/articles/10.1007/978-1-0716-0868-5_8""}, {""favicon"": ""https://onlinelibrary.wiley.com/favicon.ico"", ""id"": ""https://onlinelibrary.wiley.com/doi/abs/10.1002/(SICI)1097-0061(19970930)13:12<1099::AID-YEA177>3.0.CO;2-7"", ""image"": ""https://onlinelibrary.wiley.com/cms/asset/dd6fa912-58a1-47ea-a3e9-24a392c2901c/yea.v41.6.cover.jpg?trick=1720021542703"", ""publishedDate"": ""1997-09-30T00:00:00.000Z"", ""score"": null, ""snippet"": null, ""title"": ""A Review of Phenotypes in Saccharomyces cerevisiae"", ""url"": ""https://onlinelibrary.wiley.com/doi/abs/10.1002/(SICI)1097-0061(19970930)13:12<1099::AID-YEA177>3.0.CO;2-7""}, {""favicon"": null, ""id"": ""https://cshprotocols.cshlp.org/content/2017/6/pdb.top077602"", ""image"": null, ""publishedDate"": ""2017-06-01T00:00:00.000Z"", ""score"": null, ""snippet"": null, ""title"": ""Genetic Analysis of Complex Traits in  Saccharomyces cerevisiae"", ""url"": ""https://cshprotocols.cshlp.org/content/2017/6/pdb.top077602""}], ""costDollars"": {""total"": 0.005}, ""requestId"": ""c55a98530613470d23f3f3c1c39b07cc""}"
